Electricity,Billion Kwh,1986,1987,1988,1989,1990,1991,1992,1993,1994,1995,1996,1997,1998,1999,2000,2001,2002,2003,2004,2005,2006,2007,2008,2009,2010,2011,2012,2013,2014,2015,2016
Afghanistan,Billion Kwh,0,0,0,0,0,0,0,0,0,0,0,0,0,0,0,0,0,0,0,0,0,0,1.00E-05,0.0001,0.0001,0.0001,0,0,0,0,0
Albania,Billion Kwh,0,0,0,0,0,0,0,0,0,0,0,0,0,0,0,0,0,0,0,0,0,0,0,0,0,0,0,0,0,0,0
Algeria,Billion Kwh,0,0,0,0,0,0,0,0,0,0,0,0,0,0,0,0,0,0,0,0,0,0,0,0,0,0,0,0,0.001,0.019,0.029
American Samoa,Billion Kwh,0,0,0,0,0,0,0,0,0,0,0,0,0,0,0,0,0,0,0,0,0,0,0,0,0,0,0,0,0,0,0
Angola,Billion Kwh,0,0,0,0,0,0,0,0,0,0,0,0,0,0,0,0,0,0,0,0,0,0,0,0,0,0,0,0,0,0,0
Antarctica,Billion Kwh,0,0,0,0,0,0,0,0,0,0,0,0,0,0,0,0,0,0,0,0.002,0.002,0.002,0.002,0.004,0.004,0.004,0.0005,0.0005,0.0005,0.001,0.001
Antigua and Barbuda,Billion Kwh,0,0,0,0,0,0,0,0,0,0,0,0,0,0,0,0,0,0,0,0,0,0,0,0,0,0,0,0,0,0,0
Argentina,Billion Kwh,0,0,0,0,0,0,0,0,0,0,0.01,0.015,0.033,0.035,0.035,0.049,0.073,0.078,0.072,0.075,0.07,0.061,0.042,0.036,0.025,0.026,0.369,0.461,0.619,0.6,0.554
Armenia,Billion Kwh,--,--,--,--,--,--,0,0,0,0,0,0,0,0,0,0,0,0,0,0.001,0.001,0.003,0.002,0.004,0.007,0.003,0.004,0.004,0.004,0.003,0.002
Aruba,Billion Kwh,0,0,0,0,0,0,0,0,0,0,0,0,0,0,0,0,0,0,0,0,0,0,0,0.03,0.106,0.113,0.135,0.151,0.153,0.166,0.13
Australia,Billion Kwh,0,0,0,0,0,0,0,0,0.004,0.007,0.007,0.007,0.008,0.028,0.058,0.21,0.364,0.703,0.705,0.885,1.713,2.611,3.093,3.806,5.052,6.085,6.97,7.96,10.252,11.467,12.199
Austria,Billion Kwh,0,0,0,0,0,0,0,0,0,0.001,0.005,0.02,0.045,0.051,0.067,0.105,0.14,0.372,0.934,1.331,1.752,2.037,2.011,1.968,1.977,1.844,2.358,3.014,3.66,4.59,4.953
Azerbaijan,Billion Kwh,--,--,--,--,--,--,0,0,0,0,0,0,0,0,0,0,0,0,0,0,0,0,0,0,0.001,0,0,0.001,0.002,0.005,0.023
"Bahamas, The",Billion Kwh,0,0,0,0,0,0,0,0,0,0,0,0,0,0,0,0,0,0,0,0,0,0,0,0,0,0,0,0,0,0,0
Bahrain,Billion Kwh,0,0,0,0,0,0,0,0,0,0,0,0,0,0,0,0,0,0,0,0,0,0,0.001,0.002,0.002,0.0025,0.001,0.001,0.001,0.001,0.001
Bangladesh,Billion Kwh,0,0,0,0,0,0,0,0,0,0,0,0,0,0,0,0,0,0,0,0.0005,0.002,0.002,0.002,0.002,0.002,0.002,0,0.004,0.004,0.004,0.005
Barbados,Billion Kwh,0,0,0,0,0,0,0,0,0,0,0,0,0,0,0,0,0,0,0,0,0,0,0,0,0,0,0,0,0,0,0
Belarus,Billion Kwh,--,--,--,--,--,--,0,0,0,0,0,0,0,0,0,0,0,0,0.001,0.001,0.001,0.001,0.001,0.001,0.001,0.001,0.006,0.008,0.011,0.026,0.075
Belgium,Billion Kwh,0,0.006,0.008,0.007,0.007,0.008,0.009,0.008,0.009,0.009,0.008,0.008,0.011,0.013,0.016,0.037,0.057,0.088,0.142,0.227,0.366,0.491,0.637,0.996,1.286,2.285,2.714,3.598,4.554,5.491,5.338
Belize,Billion Kwh,0,0,0,0,0,0,0,0,0,0,0,0,0,0,3.00E-05,3.00E-05,3.00E-05,3.00E-05,3.00E-05,3.00E-05,3.00E-05,3.00E-05,3.00E-05,3.00E-05,3.00E-05,3.00E-05,0,0,0,0,0
Benin,Billion Kwh,0,0,0,0,0,0,0,0,0,0,0,0,0,0,0,0,0,0,0,0,0,0,0,0,0,0,0,0,0,0,0
Bermuda,Billion Kwh,0,0,0,0,0,0,0,0,0,0,0,0,0,0,0,0,0,0,0,0,0,0,0,0,0,0,0,0,0,0,0
Bhutan,Billion Kwh,0,0,0,0,0,0,0,0,0,0,0,0,0,0,0,0,0,0,0,0,0,0,0,0,0,0,0,0,0,0.002,0.002
Bolivia,Billion Kwh,0,0,0,0,0,0,0,0,0,0,0,0,0,0,0,0,0,0,0,0,0,0,0,0,0,0,0,0.001,0.008,0.012,0.035
Bosnia and Herzegovina,Billion Kwh,--,--,--,--,--,--,0,0,0,0,0,0,0,0,0,0,0,0,0,0,0,0,0,0,0,0,0,0.001,0.001,0.001,0.001
Botswana,Billion Kwh,0,0,0,0,0,0,0,0,0,0,0,0,0,0,0,0,0,0,0,0,0,0,0,0,0,0,0,0,0,0,0
Brazil,Billion Kwh,0,0,0,0,0,0,0,0,0,0,0.002,0.004,0.005,0.002,0.002,0.035,0.061,0.061,0.061,0.093,0.237,0.645,0.837,1.238,2.177,2.705,5.05,6.58,12.21,21.63,33.49
Brunei,Billion Kwh,0,0,0,0,0,0,0,0,0,0,0,0,0,0,0,0,0,0,0,0,0,0,0,0,0,0,0,0,0,0,0
Bulgaria,Billion Kwh,0,0,0,0,0,0,0,0,0,0,0,0,0,0,0,0,0,0,0.001,0.005,0.02,0.047,0.122,0.237,0.681,0.86,1.221,1.37,1.33,1.45,1.425
Burkina Faso,Billion Kwh,0,0,0,0,0,0,0,0,0,0,0,0,0,0,0,0,0,0,0,0,0,0,0,0,0,0,0,0,0,0,0
Burma (Myanmar),Billion Kwh,0,0,0,0,0,0,0,0,0,0,0,0,0,0,0,0,0,0,0,0,0,0,0,0,0,0,0,0,0,0,0
,,,,,,,,,,,,,,,,,,,,,,,,,,,,,,,,
Generation,,,,,,,,,,,,,,,,,,,,,,,,,,,,,,,,
Renewables,,,,,,,,,,,,,,,,,,,,,,,,,,,,,,,,
Non-Hydroelectric Renewables,,,,,,,,,,,,,,,,,,,,,,,,,,,,,,,,
Burundi,Billion Kwh,0,0,0,0,0,0,0,0,0,0,0,0,0,0,0,0,0,0,0,0,0,0,0,0,0,0,0,0,0,0,0
Cambodia,Billion Kwh,0,0,0,0,0,0,0,0,0,0,0,0,0,0,0,0,0,0,0,0,0,0,0,0.0003,0.0003,0.0003,0.0003,0.0003,0.0003,0.0003,0.0003
Cameroon,Billion Kwh,0,0,0,0,0,0,0,0,0,0,0,0,0,0,0,0,0,0,0,0,0,0,0,0,0,0,0,0,0,0,0
Canada,Billion Kwh,0,0,0,0,0,0,0.059,0.059,0.059,0.059,0.062,0.062,0.062,0.164,0.264,0.337,0.408,0.826,0.954,1.471,2.5,3.024,3.706,6.641,8.637,10.086,11.198,17.784,22.315,26.184,30.462
Cape Verde,Billion Kwh,0,0,0,0,0,0,0,0.002,0.005,0.006,0.007,0.007,0.008,0.008,0.008,0.006,0.006,0.005,0.006,0.006,0.007,0.007,0.006,0.007,0.002,0.016,0.061,0.071,0.074,0.071,0.069
Cayman Islands,Billion Kwh,0,0,0,0,0,0,0,0,0,0,0,0,0,0,0,0,0,0,0,0,0,0,0,0,0,0,0,0,0,0,0
Central African Republic,Billion Kwh,0,0,0,0,0,0,0,0,0,0,0,0,0,0,0,0,0,0,0,0,0,0,0,0,0,0,0,0,0,0,0
Chad,Billion Kwh,0,0,0,0,0,0,0,0,0,0,0,0,0,0,0,0,0,0,0,0,0,0,0,0,0,0,0,0,0,0,0.009
Chile,Billion Kwh,0,0,0,0,0,0,0,0,0,0,0,0,0,0,0,0.007,0.007,0.007,0.007,0.007,0.007,0.009,0.038,0.079,0.332,0.338,0.409,0.553,1.441,2.112,2.446
China,Billion Kwh,0,0,0,0,0.002,0.009,0.014,0.022,0.04,0.064,0.098,0.206,0.37,0.494,0.615,0.749,0.873,1.039,1.332,2.028,3.868,5.71,14.8,26.9,44.622,70.331,95.978,141.2,156.08,185.77,237.07
Colombia,Billion Kwh,0,0,0,0,0,0,0,0,0,0,0,0,0,0,0,0,0,0,0.052,0.049,0.063,0.049,0.054,0.058,0.039,0.04,0.055,0.06,0.06,0.07,0.05
Comoros,Billion Kwh,0,0,0,0,0,0,0,0,0,0,0,0,0,0,0,0,0,0,0,0,0,0,0,0,0,0,0,0,0,0,0
Congo (Brazzaville),Billion Kwh,0,0,0,0,0,0,0,0,0,0,0,0,0,0,0,0,0,0,0,0,0,0,0,0,0,0,0,0,0,0,0
Congo (Kinshasa),Billion Kwh,0,0,0,0,0,0,0,0,0,0,0,0,0,0,0,0,0,0,0,0,0,0,0,0,0,0,0,0,0,0,0
Cook Islands,Billion Kwh,0,0,0,0,0,0,0,0,0,0,0,0,0,0,0,0,0,0,3.00E-05,3.00E-05,3.00E-05,3.00E-05,3.00E-05,3.00E-05,3.00E-05,3.00E-05,0,0,0,0,0
Costa Rica,Billion Kwh,0,0,0,0,0,0,0,0,0,0,0.023,0.076,0.089,0.101,0.183,0.185,0.259,0.306,0.257,0.204,0.274,0.241,0.198,0.326,0.359,0.41,0.528,0.485,0.735,1.08,1.15
Cote dIvoire (IvoryCoast),Billion Kwh,0,0,0,0,0,0,0,0,0,0,0,0,0,0,0,0,0,0,0,0,0,0,0,0,0,0,0,0,0,0,0
Croatia,Billion Kwh,--,--,--,--,--,--,0,0,0,0,0,0,0,0,0,0,0,0,0.002,0.01,0.019,0.035,0.04,0.054,0.139,0.2,0.329,0.52,0.73,0.8,1.01
Cuba,Billion Kwh,0,0,0,0,0,0,0,0,0,0,0,0,0,0,0.001,0.001,0.001,0.001,0.001,0.001,0.001,0.005,0.02,0.02,0.01,0.02,0.02,0.02,0.02,0.02,0.02
Cyprus,Billion Kwh,0,0,0,0,0,0,0,0,0,0,0,0,0,0,0,0,0,0,0,0,0,0,0,0,0.03,0.114,0.185,0.23,0.18,0.22,0.225
Czech Republic,Billion Kwh,--,--,--,--,--,--,--,0,0,0,0,0,0,0,0,0,0.002,0.004,0.01,0.021,0.049,0.125,0.245,0.288,0.335,0.395,0.414,0.476,0.469,0.563,0.488
Denmark,Billion Kwh,0.136,0.183,0.302,0.429,0.61,0.74,0.915,1.034,1.137,1.177,1.227,1.934,2.82,3.029,4.241,4.306,4.877,5.561,6.583,6.614,6.108,7.171,6.928,6.721,7.809,9.774,10.27,11.123,13.079,14.133,12.782
Djibouti,Billion Kwh,0,0,0,0,0,0,0,0,0,0,0,0,0,0,0,0,0,0,0,0,0,0,0,0,0,0,0,0,0,0,0
Dominica,,,,,,,,,,,,,,,,,,,,,,,,,,,,,,,,
Generation,,,,,,,,,,,,,,,,,,,,,,,,,,,,,,,,
Renewables,,,,,,,,,,,,,,,,,,,,,,,,,,,,,,,,
Non-Hydroelectric Renewables,,,,,,,,,,,,,,,,,,,,,,,,,,,,,,,,
Wind,Billion Kwh,0,0,0,0,0,0,0,0,0,0,0,0,0,0,0,0,0,0,0,0,0,0,0,0.0005,0.0005,0.0005,0.001,0.001,0.001,0.001,0.001
Dominican Republic,,,,,,,,,,,,,,,,,,,,,,,,,,,,,,,,
Generation,,,,,,,,,,,,,,,,,,,,,,,,,,,,,,,,
Renewables,,,,,,,,,,,,,,,,,,,,,,,,,,,,,,,,
Non-Hydroelectric Renewables,,,,,,,,,,,,,,,,,,,,,,,,,,,,,,,,
Wind,Billion Kwh,0,0,0,0,0,0,0,0,0,0,0,0,0,0,0,0,0,0,0,0,0,0,0,0.0005,0.0005,0.035,0.24,0.61,0.61,0.725,0.807
Ecuador,,,,,,,,,,,,,,,,,,,,,,,,,,,,,,,,
Generation,,,,,,,,,,,,,,,,,,,,,,,,,,,,,,,,
Renewables,,,,,,,,,,,,,,,,,,,,,,,,,,,,,,,,
Non-Hydroelectric Renewables,,,,,,,,,,,,,,,,,,,,,,,,,,,,,,,,
Wind,Billion Kwh,0,0,0,0,0,0,0,0,0,0,0,0,0,0,0,0,0,0,0,0,0,0.001,0.003,0.003,0.003,0.003,0.002,0.06,0.08,0.1,0.084
Egypt,,,,,,,,,,,,,,,,,,,,,,,,,,,,,,,,
Generation,,,,,,,,,,,,,,,,,,,,,,,,,,,,,,,,
Renewables,,,,,,,,,,,,,,,,,,,,,,,,,,,,,,,,
Non-Hydroelectric Renewables,,,,,,,,,,,,,,,,,,,,,,,,,,,,,,,,
Wind,Billion Kwh,0,0,0,0,0,0,0,0.001,0.01,0.01,0.01,0.01,0.01,0.024,0.137,0.221,0.204,0.368,0.523,0.552,0.616,0.831,0.931,1.133,1.5,1.52,1.26,1.33,1.44,2.06,2.06
El Salvador,,,,,,,,,,,,,,,,,,,,,,,,,,,,,,,,
Generation,,,,,,,,,,,,,,,,,,,,,,,,,,,,,,,,
Renewables,,,,,,,,,,,,,,,,,,,,,,,,,,,,,,,,
Non-Hydroelectric Renewables,,,,,,,,,,,,,,,,,,,,,,,,,,,,,,,,
Wind,Billion Kwh,0,0,0,0,0,0,0,0,0,0,0,0,0,0,0,0,0,0,0,0,0,0,0,0,0,0,0,0,0,0,0
Equatorial Guinea,,,,,,,,,,,,,,,,,,,,,,,,,,,,,,,,
Generation,,,,,,,,,,,,,,,,,,,,,,,,,,,,,,,,
Renewables,,,,,,,,,,,,,,,,,,,,,,,,,,,,,,,,
Non-Hydroelectric Renewables,,,,,,,,,,,,,,,,,,,,,,,,,,,,,,,,
Wind,Billion Kwh,0,0,0,0,0,0,0,0,0,0,0,0,0,0,0,0,0,0,0,0,0,0,0,0,0,0,0,0,0,0,0
Eritrea,,,,,,,,,,,,,,,,,,,,,,,,,,,,,,,,
Generation,,,,,,,,,,,,,,,,,,,,,,,,,,,,,,,,
Renewables,,,,,,,,,,,,,,,,,,,,,,,,,,,,,,,,
Non-Hydroelectric Renewables,,,,,,,,,,,,,,,,,,,,,,,,,,,,,,,,
Wind,Billion Kwh,--,--,--,--,--,--,--,--,0,0,0,0,0,0,0,0,0,0,0,0,0,0,0,0,0.002,0.002,0.002,0.002,0.002,0.002,0.002
Estonia,,,,,,,,,,,,,,,,,,,,,,,,,,,,,,,,
Generation,,,,,,,,,,,,,,,,,,,,,,,,,,,,,,,,
Renewables,,,,,,,,,,,,,,,,,,,,,,,,,,,,,,,,
Non-Hydroelectric Renewables,,,,,,,,,,,,,,,,,,,,,,,,,,,,,,,,
Wind,Billion Kwh,--,--,--,--,--,--,0,0,0,0,0,0,0.001,0.001,0.001,0.001,0.001,0.006,0.008,0.054,0.076,0.091,0.133,0.195,0.277,0.368,0.434,0.529,0.604,0.715,0.594
Ethiopia,,,,,,,,,,,,,,,,,,,,,,,,,,,,,,,,
Generation,,,,,,,,,,,,,,,,,,,,,,,,,,,,,,,,
Renewables,,,,,,,,,,,,,,,,,,,,,,,,,,,,,,,,
Non-Hydroelectric Renewables,,,,,,,,,,,,,,,,,,,,,,,,,,,,,,,,
Wind,Billion Kwh,0,0,0,0,0,0,0,0,0,0,0,0,0,0,0,0,0,0,0,0,0,0,0,0,0,0.03,0.192,0.356,0.5,0.76,0.82
Falkland Islands (Islas Malvinas),,,,,,,,,,,,,,,,,,,,,,,,,,,,,,,,
Generation,,,,,,,,,,,,,,,,,,,,,,,,,,,,,,,,
Renewables,,,,,,,,,,,,,,,,,,,,,,,,,,,,,,,,
Non-Hydroelectric Renewables,,,,,,,,,,,,,,,,,,,,,,,,,,,,,,,,
Wind,Billion Kwh,0,0,0,0,0,0,0,0,0,0,0,0,0,0,0.0002,0.0002,0.0002,0.00025,0.00025,0.00025,0.0003,0.0003,0.002,0.002,0.005,0.006,0.007,0.007,0.007,0.009,0.009
Faroe Islands,,,,,,,,,,,,,,,,,,,,,,,,,,,,,,,,
Generation,,,,,,,,,,,,,,,,,,,,,,,,,,,,,,,,
Renewables,,,,,,,,,,,,,,,,,,,,,,,,,,,,,,,,
Non-Hydroelectric Renewables,,,,,,,,,,,,,,,,,,,,,,,,,,,,,,,,
Wind,Billion Kwh,0,0,0,0,0,0,0,0.000423,0.000605,0.00057,0.00058,0.00055,0.000546,0.000562,0.000523,0.000504,0.000553,0.002993,0.007509,0.010332,0.014978,0.015759,0.012969,0.015005,0.014,0.015,0.011,0.02,0.035,0.056,0.052
Fiji,,,,,,,,,,,,,,,,,,,,,,,,,,,,,,,,
Generation,,,,,,,,,,,,,,,,,,,,,,,,,,,,,,,,
Renewables,,,,,,,,,,,,,,,,,,,,,,,,,,,,,,,,
Non-Hydroelectric Renewables,,,,,,,,,,,,,,,,,,,,,,,,,,,,,,,,
Wind,Billion Kwh,0,0,0,0,0,0,0,0,0,0,0,0,0,0,0,0,0,0,0,0,0,0.01,0.02,0.02,0.006,0.005,0.007,0.005,0.004,0.006,0.004
Finland,,,,,,,,,,,,,,,,,,,,,,,,,,,,,,,,
Generation,,,,,,,,,,,,,,,,,,,,,,,,,,,,,,,,
Renewables,,,,,,,,,,,,,,,,,,,,,,,,,,,,,,,,
Non-Hydroelectric Renewables,,,,,,,,,,,,,,,,,,,,,,,,,,,,,,,,
Wind,Billion Kwh,0,0,0,0,0,0,0.002,0.004,0.007,0.011,0.011,0.017,0.023,0.049,0.078,0.07,0.064,0.093,0.12,0.17,0.156,0.188,0.261,0.277,0.294,0.481,0.494,0.774,1.107,2.327,3.068
Former Czechoslovakia,,,,,,,,,,,,,,,,,,,,,,,,,,,,,,,,
Generation,,,,,,,,,,,,,,,,,,,,,,,,,,,,,,,,
Renewables,,,,,,,,,,,,,,,,,,,,,,,,,,,,,,,,
Non-Hydroelectric Renewables,,,,,,,,,,,,,,,,,,,,,,,,,,,,,,,,
Wind,Billion Kwh,0,0,0,0,0,0,0,--,--,--,--,--,--,--,--,--,--,--,--,--,--,--,--,--,--,--,--,--,--,--,--
Former Serbia and Montenegro,,,,,,,,,,,,,,,,,,,,,,,,,,,,,,,,
Generation,,,,,,,,,,,,,,,,,,,,,,,,,,,,,,,,
Renewables,,,,,,,,,,,,,,,,,,,,,,,,,,,,,,,,
Non-Hydroelectric Renewables,,,,,,,,,,,,,,,,,,,,,,,,,,,,,,,,
Wind,Billion Kwh,--,--,--,--,--,--,0,0,0,0,0,0,0,0,0,0,0,0,0,0,--,--,--,--,--,--,--,--,--,--,--
Former U.S.S.R.,,,,,,,,,,,,,,,,,,,,,,,,,,,,,,,,
Generation,,,,,,,,,,,,,,,,,,,,,,,,,,,,,,,,
Renewables,,,,,,,,,,,,,,,,,,,,,,,,,,,,,,,,
Non-Hydroelectric Renewables,,,,,,,,,,,,,,,,,,,,,,,,,,,,,,,,
Wind,Billion Kwh,0,0,0,0,0,0,--,--,--,--,--,--,--,--,--,--,--,--,--,--,--,--,--,--,--,--,--,--,--,--,--
Former Yugoslavia,,,,,,,,,,,,,,,,,,,,,,,,,,,,,,,,
Generation,,,,,,,,,,,,,,,,,,,,,,,,,,,,,,,,
Renewables,,,,,,,,,,,,,,,,,,,,,,,,,,,,,,,,
Non-Hydroelectric Renewables,,,,,,,,,,,,,,,,,,,,,,,,,,,,,,,,
Wind,Billion Kwh,0,0,0,0,0,0,--,--,--,--,--,--,--,--,--,--,--,--,--,--,--,--,--,--,--,--,--,--,--,--,--
France,,,,,,,,,,,,,,,,,,,,,,,,,,,,,,,,
Generation,,,,,,,,,,,,,,,,,,,,,,,,,,,,,,,,
Renewables,,,,,,,,,,,,,,,,,,,,,,,,,,,,,,,,
Non-Hydroelectric Renewables,,,,,,,,,,,,,,,,,,,,,,,,,,,,,,,,
Wind,Billion Kwh,0,0,0,0,0,0,0,0.002,0.005,0.005,0.007,0.011,0.02,0.037,0.077,0.131,0.266,0.388,0.594,0.962,2.182,4.06,5.689,7.911,9.945,12.052,14.913,16.033,17.249,21.249,21.4
French Guiana,,,,,,,,,,,,,,,,,,,,,,,,,,,,,,,,
Generation,,,,,,,,,,,,,,,,,,,,,,,,,,,,,,,,
Renewables,,,,,,,,,,,,,,,,,,,,,,,,,,,,,,,,
Non-Hydroelectric Renewables,,,,,,,,,,,,,,,,,,,,,,,,,,,,,,,,
Wind,Billion Kwh,0,0,0,0,0,0,0,0,0,0,0,0,0,0,0,0,0,0,0,0,0,0,0,0,0,0,0,0,0,0,0
French Polynesia,,,,,,,,,,,,,,,,,,,,,,,,,,,,,,,,
Generation,,,,,,,,,,,,,,,,,,,,,,,,,,,,,,,,
Renewables,,,,,,,,,,,,,,,,,,,,,,,,,,,,,,,,
Non-Hydroelectric Renewables,,,,,,,,,,,,,,,,,,,,,,,,,,,,,,,,
Wind,Billion Kwh,0,0,0,0,0,0,0,0,0,0,0,0,0,0,0,0,0,0,0,0,0,0,0,0,0.0003,0.0003,0.0003,0.0003,0.0003,0.0003,0.0003
Gabon,,,,,,,,,,,,,,,,,,,,,,,,,,,,,,,,
Generation,,,,,,,,,,,,,,,,,,,,,,,,,,,,,,,,
Renewables,,,,,,,,,,,,,,,,,,,,,,,,,,,,,,,,
Non-Hydroelectric Renewables,,,,,,,,,,,,,,,,,,,,,,,,,,,,,,,,
Wind,Billion Kwh,0,0,0,0,0,0,0,0,0,0,0,0,0,0,0,0,0,0,0,0,0,0,0,0,0,0,0,0,0,0,0
"Gambia, The",,,,,,,,,,,,,,,,,,,,,,,,,,,,,,,,
Generation,,,,,,,,,,,,,,,,,,,,,,,,,,,,,,,,
Renewables,,,,,,,,,,,,,,,,,,,,,,,,,,,,,,,,
Non-Hydroelectric Renewables,,,,,,,,,,,,,,,,,,,,,,,,,,,,,,,,
Wind,Billion Kwh,0,0,0,0,0,0,0,0,0,0,0,0,0,0,0,0,0,0,0,0,0,0,0,0.0001,0.0003,0.0006,0.0001,0.0001,0.0001,0.0001,0.0001
Georgia,,,,,,,,,,,,,,,,,,,,,,,,,,,,,,,,
Generation,,,,,,,,,,,,,,,,,,,,,,,,,,,,,,,,
Renewables,,,,,,,,,,,,,,,,,,,,,,,,,,,,,,,,
Non-Hydroelectric Renewables,,,,,,,,,,,,,,,,,,,,,,,,,,,,,,,,
Wind,Billion Kwh,--,--,--,--,--,--,0,0,0,0,0,0,0,0,0,0,0,0,0,0,0,0,0,0,0,0,0,0,0,0,0.009
Germany,,,,,,,,,,,,,,,,,,,,,,,,,,,,,,,,
Generation,,,,,,,,,,,,,,,,,,,,,,,,,,,,,,,,
Renewables,,,,,,,,,,,,,,,,,,,,,,,,,,,,,,,,
Non-Hydroelectric Renewables,,,,,,,,,,,,,,,,,,,,,,,,,,,,,,,,
Wind,Billion Kwh,--,--,--,--,--,0.215,0.291,0.674,1.428,1.712,2.078,3.034,4.593,5.528,9.352,10.456,15.856,18.859,25.509,27.229,30.71,39.713,40.574,38.639,37.677,48.736,50.518,51.552,57.185,78.871,78.218
"Germany, East",,,,,,,,,,,,,,,,,,,,,,,,,,,,,,,,
Generation,,,,,,,,,,,,,,,,,,,,,,,,,,,,,,,,
Renewables,,,,,,,,,,,,,,,,,,,,,,,,,,,,,,,,
Non-Hydroelectric Renewables,,,,,,,,,,,,,,,,,,,,,,,,,,,,,,,,
Wind,Billion Kwh,0,0,0,0,0,--,--,--,--,--,--,--,--,--,--,--,--,--,--,--,--,--,--,--,--,--,--,--,--,--,--
"Germany, West",,,,,,,,,,,,,,,,,,,,,,,,,,,,,,,,
Generation,,,,,,,,,,,,,,,,,,,,,,,,,,,,,,,,
Renewables,,,,,,,,,,,,,,,,,,,,,,,,,,,,,,,,
Non-Hydroelectric Renewables,,,,,,,,,,,,,,,,,,,,,,,,,,,,,,,,
Wind,Billion Kwh,0,0,0.002,0.002,0.003,--,--,--,--,--,--,--,--,--,--,--,--,--,--,--,--,--,--,--,--,--,--,--,--,--,--
Ghana,,,,,,,,,,,,,,,,,,,,,,,,,,,,,,,,
Generation,,,,,,,,,,,,,,,,,,,,,,,,,,,,,,,,
Renewables,,,,,,,,,,,,,,,,,,,,,,,,,,,,,,,,
Non-Hydroelectric Renewables,,,,,,,,,,,,,,,,,,,,,,,,,,,,,,,,
Wind,Billion Kwh,0,0,0,0,0,0,0,0,0,0,0,0,0,0,0,0,0,0,0,0,0,0,0,0,0,0,0,0,0,0,0
Gibraltar,,,,,,,,,,,,,,,,,,,,,,,,,,,,,,,,
Generation,,,,,,,,,,,,,,,,,,,,,,,,,,,,,,,,
Renewables,,,,,,,,,,,,,,,,,,,,,,,,,,,,,,,,
Non-Hydroelectric Renewables,,,,,,,,,,,,,,,,,,,,,,,,,,,,,,,,
Wind,Billion Kwh,0,0,0,0,0,0,0,0,0,0,0,0,0,0,0,0,0,0,0,0,0,0,0,0,0,0,0,0,0,0,0
Greece,,,,,,,,,,,,,,,,,,,,,,,,,,,,,,,,
Generation,,,,,,,,,,,,,,,,,,,,,,,,,,,,,,,,
Renewables,,,,,,,,,,,,,,,,,,,,,,,,,,,,,,,,
Non-Hydroelectric Renewables,,,,,,,,,,,,,,,,,,,,,,,,,,,,,,,,
Wind,Billion Kwh,0,0.001,0.001,0.001,0.002,0.002,0.008,0.047,0.037,0.034,0.038,0.036,0.07,0.162,0.451,0.756,0.651,1.021,1.121,1.266,1.699,1.818,2.242,2.543,2.714,3.315,3.161,4.139,3.689,4.621,5.146
Greenland,,,,,,,,,,,,,,,,,,,,,,,,,,,,,,,,
Generation,,,,,,,,,,,,,,,,,,,,,,,,,,,,,,,,
Renewables,,,,,,,,,,,,,,,,,,,,,,,,,,,,,,,,
Non-Hydroelectric Renewables,,,,,,,,,,,,,,,,,,,,,,,,,,,,,,,,
Wind,Billion Kwh,0,0,0,0,0,0,0,0,0,0,0,0,0,0,0,0,0,0,0,0,0,0,0,0,0,0,0,0,0,0,0
Grenada,,,,,,,,,,,,,,,,,,,,,,,,,,,,,,,,
Generation,,,,,,,,,,,,,,,,,,,,,,,,,,,,,,,,
Renewables,,,,,,,,,,,,,,,,,,,,,,,,,,,,,,,,
Non-Hydroelectric Renewables,,,,,,,,,,,,,,,,,,,,,,,,,,,,,,,,
Wind,Billion Kwh,0,0,0,0,0,0,0,0,0,0,0,0,0,0,0,0,0,0,0,0,0,0,0,0,0.002,0.003,0.003,0.003,0.006,0.001,0.0001
Guadeloupe,,,,,,,,,,,,,,,,,,,,,,,,,,,,,,,,
Generation,,,,,,,,,,,,,,,,,,,,,,,,,,,,,,,,
Renewables,,,,,,,,,,,,,,,,,,,,,,,,,,,,,,,,
Non-Hydroelectric Renewables,,,,,,,,,,,,,,,,,,,,,,,,,,,,,,,,
Wind,Billion Kwh,0,0,0,0,0,0,0,0.0007,0.0007,0.0007,0.001,0.005,0.01,0.01,0.02,0.02,0.03,0.05,0.05,0.05,0.05,0.05,0.05,0.05,0.04,0.045,0.05,0.057,0.055,0.052,0.053
Guam,,,,,,,,,,,,,,,,,,,,,,,,,,,,,,,,
Generation,,,,,,,,,,,,,,,,,,,,,,,,,,,,,,,,
Renewables,,,,,,,,,,,,,,,,,,,,,,,,,,,,,,,,
Non-Hydroelectric Renewables,,,,,,,,,,,,,,,,,,,,,,,,,,,,,,,,
Wind,Billion Kwh,0,0,0,0,0,0,0,0,0,0,0,0,0,0,0,0,0,0,0,0,0,0,0,0,0,0,0,0,0,0,0
Guatemala,,,,,,,,,,,,,,,,,,,,,,,,,,,,,,,,
Generation,,,,,,,,,,,,,,,,,,,,,,,,,,,,,,,,
Renewables,,,,,,,,,,,,,,,,,,,,,,,,,,,,,,,,
Non-Hydroelectric Renewables,,,,,,,,,,,,,,,,,,,,,,,,,,,,,,,,
Wind,Billion Kwh,0,0,0,0,0,0,0,0,0,0,0,0,0,0,0,0,0,0,0,0,0,0,0,0,0,0,0,0,0,0.11,0.215
Guinea,,,,,,,,,,,,,,,,,,,,,,,,,,,,,,,,
Generation,,,,,,,,,,,,,,,,,,,,,,,,,,,,,,,,
Renewables,,,,,,,,,,,,,,,,,,,,,,,,,,,,,,,,
Non-Hydroelectric Renewables,,,,,,,,,,,,,,,,,,,,,,,,,,,,,,,,
Wind,Billion Kwh,0,0,0,0,0,0,0,0,0,0,0,0,0,0,0,0,0,0,0,0,0,0,0,0,0,0,0,0,0,0,0
Guinea-Bissau,,,,,,,,,,,,,,,,,,,,,,,,,,,,,,,,
Generation,,,,,,,,,,,,,,,,,,,,,,,,,,,,,,,,
Renewables,,,,,,,,,,,,,,,,,,,,,,,,,,,,,,,,
Non-Hydroelectric Renewables,,,,,,,,,,,,,,,,,,,,,,,,,,,,,,,,
Wind,Billion Kwh,0,0,0,0,0,0,0,0,0,0,0,0,0,0,0,0,0,0,0,0,0,0,0,0,0,0,0,0,0,0,0
Guyana,,,,,,,,,,,,,,,,,,,,,,,,,,,,,,,,
Generation,,,,,,,,,,,,,,,,,,,,,,,,,,,,,,,,
Renewables,,,,,,,,,,,,,,,,,,,,,,,,,,,,,,,,
Non-Hydroelectric Renewables,,,,,,,,,,,,,,,,,,,,,,,,,,,,,,,,
Wind,Billion Kwh,0,0,0,0,0,0,0,0,0,0,0,0,0,0,0,0,0,0,0,0,0,0,0,0,0,0,0,0,0,0.0001,0.0001
Haiti,,,,,,,,,,,,,,,,,,,,,,,,,,,,,,,,
Generation,,,,,,,,,,,,,,,,,,,,,,,,,,,,,,,,
Renewables,,,,,,,,,,,,,,,,,,,,,,,,,,,,,,,,
Non-Hydroelectric Renewables,,,,,,,,,,,,,,,,,,,,,,,,,,,,,,,,
Wind,Billion Kwh,0,0,0,0,0,0,0,0,0,0,0,0,0,0,0,0,0,0,0,0,0,0,0,0,0,0,0,0,0,0,0
Hawaiian Trade Zone,,,,,,,,,,,,,,,,,,,,,,,,,,,,,,,,
Generation,,,,,,,,,,,,,,,,,,,,,,,,,,,,,,,,
Renewables,,,,,,,,,,,,,,,,,,,,,,,,,,,,,,,,
Non-Hydroelectric Renewables,,,,,,,,,,,,,,,,,,,,,,,,,,,,,,,,
Wind,Billion Kwh,0,--,--,--,--,--,--,--,--,--,--,--,--,--,--,--,--,--,--,--,--,--,--,--,--,--,--,--,--,--,--
Honduras,,,,,,,,,,,,,,,,,,,,,,,,,,,,,,,,
Generation,,,,,,,,,,,,,,,,,,,,,,,,,,,,,,,,
Renewables,,,,,,,,,,,,,,,,,,,,,,,,,,,,,,,,
Non-Hydroelectric Renewables,,,,,,,,,,,,,,,,,,,,,,,,,,,,,,,,
Wind,Billion Kwh,0,0,0,0,0,0,0,0,0,0,0,0,0,0,0,0,0,0,0,0,0,0,0,0,0,0.12,0.338,0.31,0.4,0.665,0.574
Hong Kong,,,,,,,,,,,,,,,,,,,,,,,,,,,,,,,,
Generation,,,,,,,,,,,,,,,,,,,,,,,,,,,,,,,,
Renewables,,,,,,,,,,,,,,,,,,,,,,,,,,,,,,,,
Non-Hydroelectric Renewables,,,,,,,,,,,,,,,,,,,,,,,,,,,,,,,,
Wind,Billion Kwh,0,0,0,0,0,0,0,0,0,0,0,0,0,0,0,0,0,0,0,0,0.001,0.001,0.001,0.001,0.001,0.002,0.002,0.002,0.002,0.002,0.002
Hungary,,,,,,,,,,,,,,,,,,,,,,,,,,,,,,,,
Generation,,,,,,,,,,,,,,,,,,,,,,,,,,,,,,,,
Renewables,,,,,,,,,,,,,,,,,,,,,,,,,,,,,,,,
Non-Hydroelectric Renewables,,,,,,,,,,,,,,,,,,,,,,,,,,,,,,,,
Wind,Billion Kwh,0,0,0,0,0,0,0,0,0,0,0,0,0,0,0,0.001,0.001,0.004,0.006,0.01,0.043,0.11,0.205,0.331,0.523,0.61,0.745,0.693,0.634,0.671,0.665
Iceland,,,,,,,,,,,,,,,,,,,,,,,,,,,,,,,,
Generation,,,,,,,,,,,,,,,,,,,,,,,,,,,,,,,,
Renewables,,,,,,,,,,,,,,,,,,,,,,,,,,,,,,,,
Non-Hydroelectric Renewables,,,,,,,,,,,,,,,,,,,,,,,,,,,,,,,,
Wind,Billion Kwh,0,0,0,0,0,0,0,0,0,0,0,0,0,0,0,0,0,0,0,0,0,0,0,0,0,0,0,0.003,0.008,0.01,0.009
India,,,,,,,,,,,,,,,,,,,,,,,,,,,,,,,,
Generation,,,,,,,,,,,,,,,,,,,,,,,,,,,,,,,,
Renewables,,,,,,,,,,,,,,,,,,,,,,,,,,,,,,,,
Non-Hydroelectric Renewables,,,,,,,,,,,,,,,,,,,,,,,,,,,,,,,,
Wind,Billion Kwh,0.002,0.003,0.006,0.006,0.032,0.039,0.088,0.099,0.2,0.529,0.922,1.037,1.127,1.509,1.684,2.241,2.687,3.59,4.49,6.603,8.69,11.796,13.701,17.804,19.66,24.53,30.12,33.17,37.34,41.66,44.86
Indonesia,,,,,,,,,,,,,,,,,,,,,,,,,,,,,,,,
Generation,,,,,,,,,,,,,,,,,,,,,,,,,,,,,,,,
Renewables,,,,,,,,,,,,,,,,,,,,,,,,,,,,,,,,
Non-Hydroelectric Renewables,,,,,,,,,,,,,,,,,,,,,,,,,,,,,,,,
Wind,Billion Kwh,0,0,0,0,0,0,0,0,0,0,0,0,0,0,0,0,0,0,0,0,0,2.00E-05,0,0,0.004,0.005,0.005,0.001,0.001,0.004,0.006
Iran,,,,,,,,,,,,,,,,,,,,,,,,,,,,,,,,
Generation,,,,,,,,,,,,,,,,,,,,,,,,,,,,,,,,
Renewables,,,,,,,,,,,,,,,,,,,,,,,,,,,,,,,,
Non-Hydroelectric Renewables,,,,,,,,,,,,,,,,,,,,,,,,,,,,,,,,
Wind,Billion Kwh,0,0,0,0,0,0,0,0,0,0,0,0,0,0,0.037,0.034,0.03,0.027,0.047,0.071,0.125,0.143,0.196,0.225,0.163,0.217,0.207,0.38,0.36,0.22,0.25
Iraq,,,,,,,,,,,,,,,,,,,,,,,,,,,,,,,,
Generation,,,,,,,,,,,,,,,,,,,,,,,,,,,,,,,,
Renewables,,,,,,,,,,,,,,,,,,,,,,,,,,,,,,,,
Non-Hydroelectric Renewables,,,,,,,,,,,,,,,,,,,,,,,,,,,,,,,,
Wind,Billion Kwh,0,0,0,0,0,0,0,0,0,0,0,0,0,0,0,0,0,0,0,0,0,0,0,0,0,0,0,0,0,0,0
Ireland,,,,,,,,,,,,,,,,,,,,,,,,,,,,,,,,
Generation,,,,,,,,,,,,,,,,,,,,,,,,,,,,,,,,
Renewables,,,,,,,,,,,,,,,,,,,,,,,,,,,,,,,,
Non-Hydroelectric Renewables,,,,,,,,,,,,,,,,,,,,,,,,,,,,,,,,
Wind,Billion Kwh,0,0,0,0,0,0,0.005,0.015,0.019,0.016,0.014,0.05,0.169,0.187,0.244,0.334,0.388,0.454,0.655,1.112,1.622,1.958,2.41,2.955,2.815,4.38,4.01,4.542,5.14,6.573,6.149
Israel,,,,,,,,,,,,,,,,,,,,,,,,,,,,,,,,
Generation,,,,,,,,,,,,,,,,,,,,,,,,,,,,,,,,
Renewables,,,,,,,,,,,,,,,,,,,,,,,,,,,,,,,,
Non-Hydroelectric Renewables,,,,,,,,,,,,,,,,,,,,,,,,,,,,,,,,
Wind,Billion Kwh,0,0,0,0,0,0,0,0,0,0,0,0,0,0,0,0.01,0.011,0.012,0.011,0.011,0.01,0.01,0.009,0.009,0.008,0.007,0.006,0.006,0.006,0.006,0.007
Italy,,,,,,,,,,,,,,,,,,,,,,,,,,,,,,,,
Generation,,,,,,,,,,,,,,,,,,,,,,,,,,,,,,,,
Renewables,,,,,,,,,,,,,,,,,,,,,,,,,,,,,,,,
Non-Hydroelectric Renewables,,,,,,,,,,,,,,,,,,,,,,,,,,,,,,,,
Wind,Billion Kwh,0,0,0,0.0019,0.002,0.003,0.002,0.004,0.007,0.009,0.033,0.118,0.231,0.403,0.563,1.179,1.404,1.458,1.847,2.344,2.971,4.034,4.861,6.543,9.048,9.775,13.333,14.812,15.089,14.706,17.523
Jamaica,,,,,,,,,,,,,,,,,,,,,,,,,,,,,,,,
Generation,,,,,,,,,,,,,,,,,,,,,,,,,,,,,,,,
Renewables,,,,,,,,,,,,,,,,,,,,,,,,,,,,,,,,
Non-Hydroelectric Renewables,,,,,,,,,,,,,,,,,,,,,,,,,,,,,,,,
Wind,Billion Kwh,0,0,0,0,0,0,0,0,0,0,0,0,0,0,0,0,0,0,0.032,0.05,0.055,0.052,0.049,0.059,0.053,0.091,0.107,0.115,0.12,0.125,0.19
Japan,,,,,,,,,,,,,,,,,,,,,,,,,,,,,,,,
Generation,,,,,,,,,,,,,,,,,,,,,,,,,,,,,,,,
Renewables,,,,,,,,,,,,,,,,,,,,,,,,,,,,,,,,
Non-Hydroelectric Renewables,,,,,,,,,,,,,,,,,,,,,,,,,,,,,,,,
Wind,Billion Kwh,0,0,0,0,0,0,0,0.001,0.001,0.001,0.002,0.001,0.007,0.038,0.109,0.252,0.415,0.833,1.31,1.754,2.21,2.624,2.946,3.616,3.962,4.677,4.838,5.187,5.217,5.581,5.951
Jordan,,,,,,,,,,,,,,,,,,,,,,,,,,,,,,,,
Generation,,,,,,,,,,,,,,,,,,,,,,,,,,,,,,,,
Renewables,,,,,,,,,,,,,,,,,,,,,,,,,,,,,,,,
Non-Hydroelectric Renewables,,,,,,,,,,,,,,,,,,,,,,,,,,,,,,,,
Wind,Billion Kwh,0,0,0,0,0.001,0.001,0.001,0.001,0.001,0.001,0.001,0.003,0.003,0.003,0.003,0.003,0.003,0.003,0.003,0.003,0.003,0.003,0.003,0.003,0.003,0.003,0.003,0.003,0.002,0.123,0.39
Kazakhstan,,,,,,,,,,,,,,,,,,,,,,,,,,,,,,,,
Generation,,,,,,,,,,,,,,,,,,,,,,,,,,,,,,,,
Renewables,,,,,,,,,,,,,,,,,,,,,,,,,,,,,,,,
Non-Hydroelectric Renewables,,,,,,,,,,,,,,,,,,,,,,,,,,,,,,,,
Wind,Billion Kwh,--,--,--,--,--,--,0,0,0,0,0,0,0,0,0,0,0,0,0,0,0.001,0.001,0.001,0.001,0.001,0.001,0.003,0.005,0.013,0.132,0.275
Kenya,,,,,,,,,,,,,,,,,,,,,,,,,,,,,,,,
Generation,,,,,,,,,,,,,,,,,,,,,,,,,,,,,,,,
Renewables,,,,,,,,,,,,,,,,,,,,,,,,,,,,,,,,
Non-Hydroelectric Renewables,,,,,,,,,,,,,,,,,,,,,,,,,,,,,,,,
Wind,Billion Kwh,0,0,0,0,0,0,0,0,0,0,0,0,0,0,0,0,0,0,0,0.001,0.001,0.001,0.001,0.016,0.018,0.015,0.015,0.018,0.04,0.06,0.063
Kiribati,,,,,,,,,,,,,,,,,,,,,,,,,,,,,,,,
Generation,,,,,,,,,,,,,,,,,,,,,,,,,,,,,,,,
Renewables,,,,,,,,,,,,,,,,,,,,,,,,,,,,,,,,
Non-Hydroelectric Renewables,,,,,,,,,,,,,,,,,,,,,,,,,,,,,,,,
Wind,Billion Kwh,0,0,0,0,0,0,0,0,0,0,0,0,0,0,0,0,0,0,0,0,0,0,0,0,0,0,0,0,0,0,0
"Korea, North",,,,,,,,,,,,,,,,,,,,,,,,,,,,,,,,
Generation,,,,,,,,,,,,,,,,,,,,,,,,,,,,,,,,
Renewables,,,,,,,,,,,,,,,,,,,,,,,,,,,,,,,,
Non-Hydroelectric Renewables,,,,,,,,,,,,,,,,,,,,,,,,,,,,,,,,
Wind,Billion Kwh,0,0,0,0,0,0,0,0,0,0,0,0,0,0,0,0,0,0,0,0,0,0,0.0004,0.0004,0.0004,0.0004,0.0004,0.0004,0.0004,0.0004,0.001
"Korea, South",,,,,,,,,,,,,,,,,,,,,,,,,,,,,,,,
Generation,,,,,,,,,,,,,,,,,,,,,,,,,,,,,,,,
Renewables,,,,,,,,,,,,,,,,,,,,,,,,,,,,,,,,
Non-Hydroelectric Renewables,,,,,,,,,,,,,,,,,,,,,,,,,,,,,,,,
Wind,Billion Kwh,0,0,0,0,0,0,0,0.001,0.001,0,0,0.001,0.002,0.006,0.017,0.013,0.015,0.025,0.047,0.13,0.239,0.376,0.436,0.685,0.817,0.862,0.913,1.148,1.145,1.201,1.682
Kosovo,,,,,,,,,,,,,,,,,,,,,,,,,,,,,,,,
Generation,,,,,,,,,,,,,,,,,,,,,,,,,,,,,,,,
Renewables,,,,,,,,,,,,,,,,,,,,,,,,,,,,,,,,
Non-Hydroelectric Renewables,,,,,,,,,,,,,,,,,,,,,,,,,,,,,,,,
Wind,Billion Kwh,--,--,--,--,--,--,--,--,--,--,--,--,--,--,--,--,--,--,--,--,--,--,0,0,0.003,0.003,0.003,0.003,0.003,0.003,0.003
Kuwait,,,,,,,,,,,,,,,,,,,,,,,,,,,,,,,,
Generation,,,,,,,,,,,,,,,,,,,,,,,,,,,,,,,,
Renewables,,,,,,,,,,,,,,,,,,,,,,,,,,,,,,,,
Non-Hydroelectric Renewables,,,,,,,,,,,,,,,,,,,,,,,,,,,,,,,,
Wind,Billion Kwh,0,0,0,0,0,0,0,0,0,0,0,0,0,0,0,0,0,0,0,0,0,0,0,0,0,0,0,0,0,0,0.018
Kyrgyzstan,,,,,,,,,,,,,,,,,,,,,,,,,,,,,,,,
Generation,,,,,,,,,,,,,,,,,,,,,,,,,,,,,,,,
Renewables,,,,,,,,,,,,,,,,,,,,,,,,,,,,,,,,
Non-Hydroelectric Renewables,,,,,,,,,,,,,,,,,,,,,,,,,,,,,,,,
Wind,Billion Kwh,--,--,--,--,--,--,0,0,0,0,0,0,0,0,0,0,0,0,0,0,0,0,0,0,0,0,0,0,0,0,0
Laos,,,,,,,,,,,,,,,,,,,,,,,,,,,,,,,,
Generation,,,,,,,,,,,,,,,,,,,,,,,,,,,,,,,,
Renewables,,,,,,,,,,,,,,,,,,,,,,,,,,,,,,,,
Non-Hydroelectric Renewables,,,,,,,,,,,,,,,,,,,,,,,,,,,,,,,,
Wind,Billion Kwh,0,0,0,0,0,0,0,0,0,0,0,0,0,0,0,0,0,0,0,0,0,0,0,0,0,0,0,0,0,0,0
Latvia,,,,,,,,,,,,,,,,,,,,,,,,,,,,,,,,
Generation,,,,,,,,,,,,,,,,,,,,,,,,,,,,,,,,
Renewables,,,,,,,,,,,,,,,,,,,,,,,,,,,,,,,,
Non-Hydroelectric Renewables,,,,,,,,,,,,,,,,,,,,,,,,,,,,,,,,
Wind,Billion Kwh,--,--,--,--,--,--,0,0,0,0,0.001,0.002,0.002,0.002,0.004,0.003,0.011,0.048,0.049,0.047,0.046,0.053,0.059,0.05,0.049,0.07,0.113,0.119,0.139,0.146,0.127
Lebanon,,,,,,,,,,,,,,,,,,,,,,,,,,,,,,,,
Generation,,,,,,,,,,,,,,,,,,,,,,,,,,,,,,,,
Renewables,,,,,,,,,,,,,,,,,,,,,,,,,,,,,,,,
Non-Hydroelectric Renewables,,,,,,,,,,,,,,,,,,,,,,,,,,,,,,,,
Wind,Billion Kwh,0,0,0,0,0,0,0,0,0,0,0,0,0,0,0,0,0,0,0,0,0,0,0,0,0,0,0.001,0.004,0.006,0.006,0.006
Lesotho,,,,,,,,,,,,,,,,,,,,,,,,,,,,,,,,
Generation,,,,,,,,,,,,,,,,,,,,,,,,,,,,,,,,
Renewables,,,,,,,,,,,,,,,,,,,,,,,,,,,,,,,,
Non-Hydroelectric Renewables,,,,,,,,,,,,,,,,,,,,,,,,,,,,,,,,
Wind,Billion Kwh,0,0,0,0,0,0,0,0,0,0,0,0,0,0,0,0,0,0,0,0,0,0,0,0,0,0,0,0,0,0,0
Liberia,,,,,,,,,,,,,,,,,,,,,,,,,,,,,,,,
Generation,,,,,,,,,,,,,,,,,,,,,,,,,,,,,,,,
Renewables,,,,,,,,,,,,,,,,,,,,,,,,,,,,,,,,
Non-Hydroelectric Renewables,,,,,,,,,,,,,,,,,,,,,,,,,,,,,,,,
Wind,Billion Kwh,0,0,0,0,0,0,0,0,0,0,0,0,0,0,0,0,0,0,0,0,0,0,0,0,0,0,0,0,0,0,0
Libya,,,,,,,,,,,,,,,,,,,,,,,,,,,,,,,,
Generation,,,,,,,,,,,,,,,,,,,,,,,,,,,,,,,,
Renewables,,,,,,,,,,,,,,,,,,,,,,,,,,,,,,,,
Non-Hydroelectric Renewables,,,,,,,,,,,,,,,,,,,,,,,,,,,,,,,,
Wind,Billion Kwh,0,0,0,0,0,0,0,0,0,0,0,0,0,0,0,0,0,0,0,0,0,0,0,0,0,0,0,0,0,0,0
Lithuania,,,,,,,,,,,,,,,,,,,,,,,,,,,,,,,,
Generation,,,,,,,,,,,,,,,,,,,,,,,,,,,,,,,,
Renewables,,,,,,,,,,,,,,,,,,,,,,,,,,,,,,,,
Non-Hydroelectric Renewables,,,,,,,,,,,,,,,,,,,,,,,,,,,,,,,,
Wind,Billion Kwh,--,--,--,--,--,--,0,0,0,0,0,0,0,0,0,0,0,0,0.001,0.002,0.014,0.106,0.131,0.158,0.224,0.48,0.54,0.6,0.64,0.81,1.14
Luxembourg,,,,,,,,,,,,,,,,,,,,,,,,,,,,,,,,
Generation,,,,,,,,,,,,,,,,,,,,,,,,,,,,,,,,
Renewables,,,,,,,,,,,,,,,,,,,,,,,,,,,,,,,,
Non-Hydroelectric Renewables,,,,,,,,,,,,,,,,,,,,,,,,,,,,,,,,
Wind,Billion Kwh,0,0,0,0,0,0,0,0,0,0,0,0.003,0.011,0.018,0.027,0.024,0.024,0.026,0.039,0.052,0.058,0.064,0.061,0.063,0.055,0.064,0.077,0.083,0.08,0.102,0.101
Macau,,,,,,,,,,,,,,,,,,,,,,,,,,,,,,,,
Generation,,,,,,,,,,,,,,,,,,,,,,,,,,,,,,,,
Renewables,,,,,,,,,,,,,,,,,,,,,,,,,,,,,,,,
Non-Hydroelectric Renewables,,,,,,,,,,,,,,,,,,,,,,,,,,,,,,,,
Wind,Billion Kwh,0,0,0,0,0,0,0,0,0,0,0,0,0,0,0,0,0,0,0,0,0,0,0,0,0,0,0,0,0,0,0
Macedonia,,,,,,,,,,,,,,,,,,,,,,,,,,,,,,,,
Generation,,,,,,,,,,,,,,,,,,,,,,,,,,,,,,,,
Renewables,,,,,,,,,,,,,,,,,,,,,,,,,,,,,,,,
Non-Hydroelectric Renewables,,,,,,,,,,,,,,,,,,,,,,,,,,,,,,,,
Wind,Billion Kwh,--,--,--,--,--,--,0,0,0,0,0,0,0,0,0,0,0,0,0,0,0,0,0,0,0,0,0,0,0.07,0.12,0.109
Madagascar,,,,,,,,,,,,,,,,,,,,,,,,,,,,,,,,
Generation,,,,,,,,,,,,,,,,,,,,,,,,,,,,,,,,
Renewables,,,,,,,,,,,,,,,,,,,,,,,,,,,,,,,,
Non-Hydroelectric Renewables,,,,,,,,,,,,,,,,,,,,,,,,,,,,,,,,
Wind,Billion Kwh,0,0,0,0,0,0,0,0,0,0,0,0,0,0,0,0,0,0,0,0,0,0,0,0,0.001,0.001,0.001,0.001,0.001,0.001,0.001
Malawi,,,,,,,,,,,,,,,,,,,,,,,,,,,,,,,,
Generation,,,,,,,,,,,,,,,,,,,,,,,,,,,,,,,,
Renewables,,,,,,,,,,,,,,,,,,,,,,,,,,,,,,,,
Non-Hydroelectric Renewables,,,,,,,,,,,,,,,,,,,,,,,,,,,,,,,,
Wind,Billion Kwh,0,0,0,0,0,0,0,0,0,0,0,0,0,0,0,0,0,0,0,0,0,0,0,0,0,0,0,0,0,0,0
Malaysia,,,,,,,,,,,,,,,,,,,,,,,,,,,,,,,,
Generation,,,,,,,,,,,,,,,,,,,,,,,,,,,,,,,,
Renewables,,,,,,,,,,,,,,,,,,,,,,,,,,,,,,,,
Non-Hydroelectric Renewables,,,,,,,,,,,,,,,,,,,,,,,,,,,,,,,,
Wind,Billion Kwh,0,0,0,0,0,0,0,0,0,0,0,0,0,0,0,0,0,0,0,0,0,0,0,0,0,0,0,0,0,0,0
Maldives,,,,,,,,,,,,,,,,,,,,,,,,,,,,,,,,
Generation,,,,,,,,,,,,,,,,,,,,,,,,,,,,,,,,
Renewables,,,,,,,,,,,,,,,,,,,,,,,,,,,,,,,,
Non-Hydroelectric Renewables,,,,,,,,,,,,,,,,,,,,,,,,,,,,,,,,
Wind,Billion Kwh,0,0,0,0,0,0,0,0,0,0,0,0,0,0,0,0,0,0,0,0,0,0.002,0.002,0.002,0.002,0.002,0.002,0.002,0.002,0.002,0.002
Mali,,,,,,,,,,,,,,,,,,,,,,,,,,,,,,,,
Generation,,,,,,,,,,,,,,,,,,,,,,,,,,,,,,,,
Renewables,,,,,,,,,,,,,,,,,,,,,,,,,,,,,,,,
Non-Hydroelectric Renewables,,,,,,,,,,,,,,,,,,,,,,,,,,,,,,,,
Wind,Billion Kwh,0,0,0,0,0,0,0,0,0,0,0,0,0,0,0,0,0,0,0,0,0,0,0,0,0,0,0,0,0,0,0
Malta,,,,,,,,,,,,,,,,,,,,,,,,,,,,,,,,
Generation,,,,,,,,,,,,,,,,,,,,,,,,,,,,,,,,
Renewables,,,,,,,,,,,,,,,,,,,,,,,,,,,,,,,,
Non-Hydroelectric Renewables,,,,,,,,,,,,,,,,,,,,,,,,,,,,,,,,
Wind,Billion Kwh,0,0,0,0,0,0,0,0,0,0,0,0,0,0,0,0,0,0,0,0,0,0,0,0,0,0,0,0,0,0.0004,0.0004
Martinique,,,,,,,,,,,,,,,,,,,,,,,,,,,,,,,,
Generation,,,,,,,,,,,,,,,,,,,,,,,,,,,,,,,,
Renewables,,,,,,,,,,,,,,,,,,,,,,,,,,,,,,,,
Non-Hydroelectric Renewables,,,,,,,,,,,,,,,,,,,,,,,,,,,,,,,,
Wind,Billion Kwh,0,0,0,0,0,0,0,0,0,0,0,0,0,0,0,0,0,0,0,0.002,0.002,0.002,0.002,0.002,0.001,0.001,0.002,0.002,0.002,0.002,0.001
Mauritania,,,,,,,,,,,,,,,,,,,,,,,,,,,,,,,,
Generation,,,,,,,,,,,,,,,,,,,,,,,,,,,,,,,,
Renewables,,,,,,,,,,,,,,,,,,,,,,,,,,,,,,,,
Non-Hydroelectric Renewables,,,,,,,,,,,,,,,,,,,,,,,,,,,,,,,,
Wind,Billion Kwh,0,0,0,0,0,0,0,0,0,0,0,0,0,0,0,0,0,0,0,0,0,0,0,0,0,0,0.001,0.013,0.013,0.104,0.104
Mauritius,,,,,,,,,,,,,,,,,,,,,,,,,,,,,,,,
Generation,,,,,,,,,,,,,,,,,,,,,,,,,,,,,,,,
Renewables,,,,,,,,,,,,,,,,,,,,,,,,,,,,,,,,
Non-Hydroelectric Renewables,,,,,,,,,,,,,,,,,,,,,,,,,,,,,,,,
Wind,Billion Kwh,0,0,0,0,0,0,0,0,0,0,0,0,0,0,0,0,0,0,0.0004,0.0004,0.0004,0.0004,0.0004,0.001,0.003,0.003,0.004,0.004,0.003,0.003,0.018
Mexico,,,,,,,,,,,,,,,,,,,,,,,,,,,,,,,,
Generation,,,,,,,,,,,,,,,,,,,,,,,,,,,,,,,,
Renewables,,,,,,,,,,,,,,,,,,,,,,,,,,,,,,,,
Non-Hydroelectric Renewables,,,,,,,,,,,,,,,,,,,,,,,,,,,,,,,,
Wind,Billion Kwh,0,0,0,0,0.001,0.001,0.001,0.001,0.005,0.007,0.006,0.012,0.015,0.017,0.019,0.018,0.021,0.019,0.02,0.019,0.059,0.262,0.269,0.596,1.237,1.634,3.667,4.168,6.351,8.453,9.935
Moldova,,,,,,,,,,,,,,,,,,,,,,,,,,,,,,,,
Generation,,,,,,,,,,,,,,,,,,,,,,,,,,,,,,,,
Renewables,,,,,,,,,,,,,,,,,,,,,,,,,,,,,,,,
Non-Hydroelectric Renewables,,,,,,,,,,,,,,,,,,,,,,,,,,,,,,,,
Wind,Billion Kwh,--,--,--,--,--,--,0,0,0,0,0,0,0,0,0,0,0,0,0,0,0,0,0,0,0,0,0,0.001,0.001,0.002,0.003
Mongolia,,,,,,,,,,,,,,,,,,,,,,,,,,,,,,,,
Generation,,,,,,,,,,,,,,,,,,,,,,,,,,,,,,,,
Renewables,,,,,,,,,,,,,,,,,,,,,,,,,,,,,,,,
Non-Hydroelectric Renewables,,,,,,,,,,,,,,,,,,,,,,,,,,,,,,,,
Wind,Billion Kwh,0,0,0,0,0,0,0,0,0,0,0,0,0,0,0,0,0,1.25E-05,1.25E-05,1.25E-05,1.25E-05,1.25E-05,0.002,0.002,0.001,0.001,0.001,0.054,0.126,0.154,0.154
Montenegro,,,,,,,,,,,,,,,,,,,,,,,,,,,,,,,,
Generation,,,,,,,,,,,,,,,,,,,,,,,,,,,,,,,,
Renewables,,,,,,,,,,,,,,,,,,,,,,,,,,,,,,,,
Non-Hydroelectric Renewables,,,,,,,,,,,,,,,,,,,,,,,,,,,,,,,,
Wind,Billion Kwh,--,--,--,--,--,--,--,--,--,--,--,--,--,--,--,--,--,--,--,--,0,0,0,0,0,0,0,0,0,0,0
Montserrat,,,,,,,,,,,,,,,,,,,,,,,,,,,,,,,,
Generation,,,,,,,,,,,,,,,,,,,,,,,,,,,,,,,,
Renewables,,,,,,,,,,,,,,,,,,,,,,,,,,,,,,,,
Non-Hydroelectric Renewables,,,,,,,,,,,,,,,,,,,,,,,,,,,,,,,,
Wind,Billion Kwh,0,0,0,0,0,0,0,0,0,0,0,0,0,0,0,0,0,0,0,0,0,0,0,0,0,0,0,0,0,0,0
Morocco,,,,,,,,,,,,,,,,,,,,,,,,,,,,,,,,
Generation,,,,,,,,,,,,,,,,,,,,,,,,,,,,,,,,
Renewables,,,,,,,,,,,,,,,,,,,,,,,,,,,,,,,,
Non-Hydroelectric Renewables,,,,,,,,,,,,,,,,,,,,,,,,,,,,,,,,
Wind,Billion Kwh,0,0,0,0,0,0,0,0,0,0,0,0,0,0,0.064,0.206,0.194,0.203,0.199,0.206,0.183,0.279,0.298,0.391,0.659,0.69,0.728,1.356,1.92,2.52,3
Mozambique,,,,,,,,,,,,,,,,,,,,,,,,,,,,,,,,
Generation,,,,,,,,,,,,,,,,,,,,,,,,,,,,,,,,
Renewables,,,,,,,,,,,,,,,,,,,,,,,,,,,,,,,,
Non-Hydroelectric Renewables,,,,,,,,,,,,,,,,,,,,,,,,,,,,,,,,
Wind,Billion Kwh,0,0,0,0,0,0,0,0,0,0,0,0,0,0,0,0,0,0,0,0,0,0,0,0,0,0,0,0,0,0,0
Namibia,,,,,,,,,,,,,,,,,,,,,,,,,,,,,,,,
Generation,,,,,,,,,,,,,,,,,,,,,,,,,,,,,,,,
Renewables,,,,,,,,,,,,,,,,,,,,,,,,,,,,,,,,
Non-Hydroelectric Renewables,,,,,,,,,,,,,,,,,,,,,,,,,,,,,,,,
Wind,Billion Kwh,--,--,--,--,0,0,0,0,0,0,0,0,0,0,0,0,0,0,0,0,0,0,0,0.0001,0.0001,0.0001,0.0001,0.0001,0.0001,0.0001,0.0001
Nauru,,,,,,,,,,,,,,,,,,,,,,,,,,,,,,,,
Generation,,,,,,,,,,,,,,,,,,,,,,,,,,,,,,,,
Renewables,,,,,,,,,,,,,,,,,,,,,,,,,,,,,,,,
Non-Hydroelectric Renewables,,,,,,,,,,,,,,,,,,,,,,,,,,,,,,,,
Wind,Billion Kwh,0,0,0,0,0,0,0,0,0,0,0,0,0,0,0,0,0,0,0,0,0,0,0,0,0,0,0,0,0,0,0
Nepal,,,,,,,,,,,,,,,,,,,,,,,,,,,,,,,,
Generation,,,,,,,,,,,,,,,,,,,,,,,,,,,,,,,,
Renewables,,,,,,,,,,,,,,,,,,,,,,,,,,,,,,,,
Non-Hydroelectric Renewables,,,,,,,,,,,,,,,,,,,,,,,,,,,,,,,,
Wind,Billion Kwh,0,0,0,0,0,0,0,0,0,0,0,0,0,0,0,0,0,0,0,0,0,0,0,0,0,0,0,0,0.006,0.006,0.006
Netherlands,,,,,,,,,,,,,,,,,,,,,,,,,,,,,,,,
Generation,,,,,,,,,,,,,,,,,,,,,,,,,,,,,,,,
Renewables,,,,,,,,,,,,,,,,,,,,,,,,,,,,,,,,
Non-Hydroelectric Renewables,,,,,,,,,,,,,,,,,,,,,,,,,,,,,,,,
Wind,Billion Kwh,0.001,0.002,0.016,0.023,0.056,0.088,0.147,0.174,0.238,0.317,0.437,0.475,0.64,0.645,0.829,0.825,0.946,1.318,1.867,2.067,2.733,3.438,4.26,4.581,3.994,5.101,4.981,5.627,5.797,7.55,8.17
Netherlands Antilles,,,,,,,,,,,,,,,,,,,,,,,,,,,,,,,,
Generation,,,,,,,,,,,,,,,,,,,,,,,,,,,,,,,,
Renewables,,,,,,,,,,,,,,,,,,,,,,,,,,,,,,,,
Non-Hydroelectric Renewables,,,,,,,,,,,,,,,,,,,,,,,,,,,,,,,,
Wind,Billion Kwh,0,0,0,0,0,0,0,0.001,0.007,0.007,0.007,0.007,0.007,0.007,0.03,0.03,0.03,0.03,0.03,0.03,0.03,0.03,0.03,0.065,0.068,0.089,0.233,0.237,0.241,0.24,0.235
New Caledonia,,,,,,,,,,,,,,,,,,,,,,,,,,,,,,,,
Generation,,,,,,,,,,,,,,,,,,,,,,,,,,,,,,,,
Renewables,,,,,,,,,,,,,,,,,,,,,,,,,,,,,,,,
Non-Hydroelectric Renewables,,,,,,,,,,,,,,,,,,,,,,,,,,,,,,,,
Wind,Billion Kwh,0,0,0,0,0,0,0,0,0,0,0.002,0.005,0.006,0.006,0.007,0.007,0.008,0.005,0.01,0.02,0.03,0.04,0.03,0.03,0.051,0.046,0.057,0.052,0.057,0.062,0.045
New Zealand,,,,,,,,,,,,,,,,,,,,,,,,,,,,,,,,
Generation,,,,,,,,,,,,,,,,,,,,,,,,,,,,,,,,
Renewables,,,,,,,,,,,,,,,,,,,,,,,,,,,,,,,,
Non-Hydroelectric Renewables,,,,,,,,,,,,,,,,,,,,,,,,,,,,,,,,
Wind,Billion Kwh,0,0,0,0,0,0,0.001,0.001,0.001,0.001,0.008,0.014,0.022,0.039,0.12,0.139,0.155,0.146,0.361,0.614,0.622,0.929,1.057,1.476,1.621,1.937,2.06,2.004,2.192,2.333,2.288
Nicaragua,,,,,,,,,,,,,,,,,,,,,,,,,,,,,,,,
Generation,,,,,,,,,,,,,,,,,,,,,,,,,,,,,,,,
Renewables,,,,,,,,,,,,,,,,,,,,,,,,,,,,,,,,
Non-Hydroelectric Renewables,,,,,,,,,,,,,,,,,,,,,,,,,,,,,,,,
Wind,Billion Kwh,0,0,0,0,0,0,0,0,0,0,0,0,0,0,0,0,0,0,0,0,0,0,0,0.11,0.16,0.21,0.33,0.562,0.85,0.865,0.729
Niger,,,,,,,,,,,,,,,,,,,,,,,,,,,,,,,,
Generation,,,,,,,,,,,,,,,,,,,,,,,,,,,,,,,,
Renewables,,,,,,,,,,,,,,,,,,,,,,,,,,,,,,,,
Non-Hydroelectric Renewables,,,,,,,,,,,,,,,,,,,,,,,,,,,,,,,,
Wind,Billion Kwh,0,0,0,0,0,0,0,0,0,0,0,0,0,0,0,0,0,0,0,0,0,0,0,0,0,0,0,0,0,0,0
Nigeria,,,,,,,,,,,,,,,,,,,,,,,,,,,,,,,,
Generation,,,,,,,,,,,,,,,,,,,,,,,,,,,,,,,,
Renewables,,,,,,,,,,,,,,,,,,,,,,,,,,,,,,,,
Non-Hydroelectric Renewables,,,,,,,,,,,,,,,,,,,,,,,,,,,,,,,,
Wind,Billion Kwh,0,0,0,0,0,0,0,0,0,0,0,0,0,0,0,0,0,0,0,0,0,0,0,0,0.002,0.002,0.002,0.002,0.003,0.003,0.003
Niue,,,,,,,,,,,,,,,,,,,,,,,,,,,,,,,,
Generation,,,,,,,,,,,,,,,,,,,,,,,,,,,,,,,,
Renewables,,,,,,,,,,,,,,,,,,,,,,,,,,,,,,,,
Non-Hydroelectric Renewables,,,,,,,,,,,,,,,,,,,,,,,,,,,,,,,,
Wind,Billion Kwh,0,0,0,0,0,0,0,0,0,0,0,0,0,0,0,0,0,0,0,0,0,0,0,0,0,0,0,0,0,0,0
Northern Mariana Islands,,,,,,,,,,,,,,,,,,,,,,,,,,,,,,,,
Generation,,,,,,,,,,,,,,,,,,,,,,,,,,,,,,,,
Renewables,,,,,,,,,,,,,,,,,,,,,,,,,,,,,,,,
Non-Hydroelectric Renewables,,,,,,,,,,,,,,,,,,,,,,,,,,,,,,,,
Wind,Billion Kwh,-,-,-,-,-,-,-,-,-,-,-,-,-,-,-,-,-,-,-,-,-,-,-,-,-,-,-,-,-,-,-
Norway,,,,,,,,,,,,,,,,,,,,,,,,,,,,,,,,
Generation,,,,,,,,,,,,,,,,,,,,,,,,,,,,,,,,
Renewables,,,,,,,,,,,,,,,,,,,,,,,,,,,,,,,,
Non-Hydroelectric Renewables,,,,,,,,,,,,,,,,,,,,,,,,,,,,,,,,
Wind,Billion Kwh,0,0,0,0,0,0,0.00285,0.007,0.009,0.01,0.009,0.011,0.011,0.025,0.031,0.027,0.075,0.218,0.252,0.499,0.636,0.892,0.913,0.977,0.879,1.283,1.548,1.881,2.215,2.513,2.116
Oman,,,,,,,,,,,,,,,,,,,,,,,,,,,,,,,,
Generation,,,,,,,,,,,,,,,,,,,,,,,,,,,,,,,,
Renewables,,,,,,,,,,,,,,,,,,,,,,,,,,,,,,,,
Non-Hydroelectric Renewables,,,,,,,,,,,,,,,,,,,,,,,,,,,,,,,,
Wind,Billion Kwh,0,0,0,0,0,0,0,0,0,0,0,0,0,0,0,0,0,0,0,0,0,0,0,0,0,0,0,0,0,0,0
Pakistan,,,,,,,,,,,,,,,,,,,,,,,,,,,,,,,,
Generation,,,,,,,,,,,,,,,,,,,,,,,,,,,,,,,,
Renewables,,,,,,,,,,,,,,,,,,,,,,,,,,,,,,,,
Non-Hydroelectric Renewables,,,,,,,,,,,,,,,,,,,,,,,,,,,,,,,,
Wind,Billion Kwh,0,0,0,0,0,0,0,0,0,0,0,0,0,0,0,0,0,0,0,0,0,0,0,0.01,0.01,0.018,0,0.4,0.8,0.786,0.831
Palestinian Territories,,,,,,,,,,,,,,,,,,,,,,,,,,,,,,,,
Generation,,,,,,,,,,,,,,,,,,,,,,,,,,,,,,,,
Renewables,,,,,,,,,,,,,,,,,,,,,,,,,,,,,,,,
Non-Hydroelectric Renewables,,,,,,,,,,,,,,,,,,,,,,,,,,,,,,,,
Wind,Billion Kwh,--,--,--,--,--,--,--,--,--,--,--,0,0,0,0,0,0,0,0,0,0,0,0,0,0,0,0,0,0,0,0
Panama,,,,,,,,,,,,,,,,,,,,,,,,,,,,,,,,
Generation,,,,,,,,,,,,,,,,,,,,,,,,,,,,,,,,
Renewables,,,,,,,,,,,,,,,,,,,,,,,,,,,,,,,,
Non-Hydroelectric Renewables,,,,,,,,,,,,,,,,,,,,,,,,,,,,,,,,
Wind,Billion Kwh,0,0,0,0,0,0,0,0,0,0,0,0,0,0,0,0,0,0,0,0,0,0,0,0,0,0,0,0.002,0.12,0.42,0.625
Papua New Guinea,,,,,,,,,,,,,,,,,,,,,,,,,,,,,,,,
Generation,,,,,,,,,,,,,,,,,,,,,,,,,,,,,,,,
Renewables,,,,,,,,,,,,,,,,,,,,,,,,,,,,,,,,
Non-Hydroelectric Renewables,,,,,,,,,,,,,,,,,,,,,,,,,,,,,,,,
Wind,Billion Kwh,0,0,0,0,0,0,0,0,0,0,0,0,0,0,0,0,0,0,0,0,0,0,0,0,0,0,0,0,0,0,0
Paraguay,,,,,,,,,,,,,,,,,,,,,,,,,,,,,,,,
Generation,,,,,,,,,,,,,,,,,,,,,,,,,,,,,,,,
Renewables,,,,,,,,,,,,,,,,,,,,,,,,,,,,,,,,
Non-Hydroelectric Renewables,,,,,,,,,,,,,,,,,,,,,,,,,,,,,,,,
Wind,Billion Kwh,0,0,0,0,0,0,0,0,0,0,0,0,0,0,0,0,0,0,0,0,0,0,0,0,0,0,0,0,0,0,0
Peru,,,,,,,,,,,,,,,,,,,,,,,,,,,,,,,,
Generation,,,,,,,,,,,,,,,,,,,,,,,,,,,,,,,,
Renewables,,,,,,,,,,,,,,,,,,,,,,,,,,,,,,,,
Non-Hydroelectric Renewables,,,,,,,,,,,,,,,,,,,,,,,,,,,,,,,,
Wind,Billion Kwh,0,0,0,0,0,0,0,0,0,0,0,0.001,0.001,0.001,0.001,0.001,0.001,0.001,0.001,0.001,0.001,0.001,0.001,0.001,0.001,0.001,0.001,0.001,0.26,0.595,1.063
Philippines,,,,,,,,,,,,,,,,,,,,,,,,,,,,,,,,
Generation,,,,,,,,,,,,,,,,,,,,,,,,,,,,,,,,
Renewables,,,,,,,,,,,,,,,,,,,,,,,,,,,,,,,,
Non-Hydroelectric Renewables,,,,,,,,,,,,,,,,,,,,,,,,,,,,,,,,
Wind,Billion Kwh,0,0,0,0,0,0,0,0,0,0,0,0,0,0,0,0,0,0,0,0.017,0.053,0.058,0.061,0.064,0.062,0.09,0.075,0.066,0.15,0.75,0.975
Poland,,,,,,,,,,,,,,,,,,,,,,,,,,,,,,,,
Generation,,,,,,,,,,,,,,,,,,,,,,,,,,,,,,,,
Renewables,,,,,,,,,,,,,,,,,,,,,,,,,,,,,,,,
Non-Hydroelectric Renewables,,,,,,,,,,,,,,,,,,,,,,,,,,,,,,,,
Wind,Billion Kwh,0,0,0,0,0,0,0,0,0,0.001,0,0.002,0.004,0.004,0.005,0.014,0.061,0.124,0.142,0.135,0.256,0.522,0.837,1.077,1.664,3.187,4.709,5.939,7.579,10.728,12.279
Portugal,,,,,,,,,,,,,,,,,,,,,,,,,,,,,,,,
Generation,,,,,,,,,,,,,,,,,,,,,,,,,,,,,,,,
Renewables,,,,,,,,,,,,,,,,,,,,,,,,,,,,,,,,
Non-Hydroelectric Renewables,,,,,,,,,,,,,,,,,,,,,,,,,,,,,,,,
Wind,Billion Kwh,0,0,0,0.001,0.001,0.001,0.004,0.011,0.017,0.016,0.021,0.038,0.089,0.123,0.168,0.256,0.362,0.496,0.816,1.773,2.925,4.037,5.757,7.577,9.1,9.102,10.156,11.897,11.981,11.481,12.343
Puerto Rico,,,,,,,,,,,,,,,,,,,,,,,,,,,,,,,,
Generation,,,,,,,,,,,,,,,,,,,,,,,,,,,,,,,,
Renewables,,,,,,,,,,,,,,,,,,,,,,,,,,,,,,,,
Non-Hydroelectric Renewables,,,,,,,,,,,,,,,,,,,,,,,,,,,,,,,,
Wind,Billion Kwh,0,0,0,0,0,0,0,0,0,0,0,0,0,0,0,0,0,0,0,0,0,0,0,0,0.001,0.001,0.015,0.173,0.218,0.239,0.193
Qatar,,,,,,,,,,,,,,,,,,,,,,,,,,,,,,,,
Generation,,,,,,,,,,,,,,,,,,,,,,,,,,,,,,,,
Renewables,,,,,,,,,,,,,,,,,,,,,,,,,,,,,,,,
Non-Hydroelectric Renewables,,,,,,,,,,,,,,,,,,,,,,,,,,,,,,,,
Wind,Billion Kwh,0,0,0,0,0,0,0,0,0,0,0,0,0,0,0,0,0,0,0,0,0,0,0,0,0,0,0,0,0,0,0
Reunion,,,,,,,,,,,,,,,,,,,,,,,,,,,,,,,,
Generation,,,,,,,,,,,,,,,,,,,,,,,,,,,,,,,,
Renewables,,,,,,,,,,,,,,,,,,,,,,,,,,,,,,,,
Non-Hydroelectric Renewables,,,,,,,,,,,,,,,,,,,,,,,,,,,,,,,,
Wind,Billion Kwh,0,0,0,0,0,0,0,0,0,0,0,0,0,0,0,0,0,0,0.005,0.01,0.01,0.01,0.01,0.02,0.02,0.012,0.018,0.015,0.016,0.016,0.019
Romania,,,,,,,,,,,,,,,,,,,,,,,,,,,,,,,,
Generation,,,,,,,,,,,,,,,,,,,,,,,,,,,,,,,,
Renewables,,,,,,,,,,,,,,,,,,,,,,,,,,,,,,,,
Non-Hydroelectric Renewables,,,,,,,,,,,,,,,,,,,,,,,,,,,,,,,,
Wind,Billion Kwh,0,0.001,0.001,0.001,0.001,0,0,0,0,0,0,0,0,0,0,0,0,0,0,0,0,0.003,0.005,0.009,0.306,1.39,2.64,4.52,6.2,7.06,6.59
Russia,,,,,,,,,,,,,,,,,,,,,,,,,,,,,,,,
Generation,,,,,,,,,,,,,,,,,,,,,,,,,,,,,,,,
Renewables,,,,,,,,,,,,,,,,,,,,,,,,,,,,,,,,
Non-Hydroelectric Renewables,,,,,,,,,,,,,,,,,,,,,,,,,,,,,,,,
Wind,Billion Kwh,--,--,--,--,--,--,0,0,0,0,0,0,0,0.002,0.002,0.003,0.006,0.009,0.007,0.007,0.005,0.007,0.005,0.004,0.004,0.005,0.005,0.005,0.1,0.15,0.15
Rwanda,,,,,,,,,,,,,,,,,,,,,,,,,,,,,,,,
Generation,,,,,,,,,,,,,,,,,,,,,,,,,,,,,,,,
Renewables,,,,,,,,,,,,,,,,,,,,,,,,,,,,,,,,
Non-Hydroelectric Renewables,,,,,,,,,,,,,,,,,,,,,,,,,,,,,,,,
Wind,Billion Kwh,0,0,0,0,0,0,0,0,0,0,0,0,0,0,0,0,0,0,0,0,0,0,0,0,0,0,0,0,0,0,0
Saint Helena,,,,,,,,,,,,,,,,,,,,,,,,,,,,,,,,
Generation,,,,,,,,,,,,,,,,,,,,,,,,,,,,,,,,
Renewables,,,,,,,,,,,,,,,,,,,,,,,,,,,,,,,,
Non-Hydroelectric Renewables,,,,,,,,,,,,,,,,,,,,,,,,,,,,,,,,
Wind,Billion Kwh,0,0,0,0,0,0,0,0,0,0,0,0,0,0,0,0,0,0,0,0,0,0,0,0,0,0,0,0,0,0,0
Saint Kitts and Nevis,,,,,,,,,,,,,,,,,,,,,,,,,,,,,,,,
Generation,,,,,,,,,,,,,,,,,,,,,,,,,,,,,,,,
Renewables,,,,,,,,,,,,,,,,,,,,,,,,,,,,,,,,
Non-Hydroelectric Renewables,,,,,,,,,,,,,,,,,,,,,,,,,,,,,,,,
Wind,Billion Kwh,0,0,0,0,0,0,0,0,0,0,0,0,0,0,0,0,0,0,0,0,0,0,0,0,0.006,0.005,0.008,0.008,0.008,0.008,0.008
Saint Lucia,,,,,,,,,,,,,,,,,,,,,,,,,,,,,,,,
Generation,,,,,,,,,,,,,,,,,,,,,,,,,,,,,,,,
Renewables,,,,,,,,,,,,,,,,,,,,,,,,,,,,,,,,
Non-Hydroelectric Renewables,,,,,,,,,,,,,,,,,,,,,,,,,,,,,,,,
Wind,Billion Kwh,0,0,0,0,0,0,0,0,0,0,0,0,0,0,0,0,0,0,0,0,0,0,0,0,0,0,0,0,0,0,0
Saint Pierre and Miquelon,,,,,,,,,,,,,,,,,,,,,,,,,,,,,,,,
Generation,,,,,,,,,,,,,,,,,,,,,,,,,,,,,,,,
Renewables,,,,,,,,,,,,,,,,,,,,,,,,,,,,,,,,
Non-Hydroelectric Renewables,,,,,,,,,,,,,,,,,,,,,,,,,,,,,,,,
Wind,Billion Kwh,0,0,0,0,0,0,0,0,0,0,0,0,0,0,0,0,0,0,0,0,0,0,0,0,0.002,0.002,0.002,0.002,0,0,0
Saint Vincent/Grenadines,,,,,,,,,,,,,,,,,,,,,,,,,,,,,,,,
Generation,,,,,,,,,,,,,,,,,,,,,,,,,,,,,,,,
Renewables,,,,,,,,,,,,,,,,,,,,,,,,,,,,,,,,
Non-Hydroelectric Renewables,,,,,,,,,,,,,,,,,,,,,,,,,,,,,,,,
Wind,Billion Kwh,0,0,0,0,0,0,0,0,0,0,0,0,0,0,0,0,0,0,0,0,0,0,0,0,0,0,0,0,0,0,0
Samoa,,,,,,,,,,,,,,,,,,,,,,,,,,,,,,,,
Generation,,,,,,,,,,,,,,,,,,,,,,,,,,,,,,,,
Renewables,,,,,,,,,,,,,,,,,,,,,,,,,,,,,,,,
Non-Hydroelectric Renewables,,,,,,,,,,,,,,,,,,,,,,,,,,,,,,,,
Wind,Billion Kwh,0,0,0,0,0,0,0,0,0,0,0,0,0,0,0,0,0,0,0,0,0,0,0,0,0,0,0,0,0.002,0.002,0.002
Sao Tome and Principe,,,,,,,,,,,,,,,,,,,,,,,,,,,,,,,,
Generation,,,,,,,,,,,,,,,,,,,,,,,,,,,,,,,,
Renewables,,,,,,,,,,,,,,,,,,,,,,,,,,,,,,,,
Non-Hydroelectric Renewables,,,,,,,,,,,,,,,,,,,,,,,,,,,,,,,,
Wind,Billion Kwh,0,0,0,0,0,0,0,0,0,0,0,0,0,0,0,0,0,0,0,0,0,0,0,0,0,0,0,0,0,0,0
Saudi Arabia,,,,,,,,,,,,,,,,,,,,,,,,,,,,,,,,
Generation,,,,,,,,,,,,,,,,,,,,,,,,,,,,,,,,
Renewables,,,,,,,,,,,,,,,,,,,,,,,,,,,,,,,,
Non-Hydroelectric Renewables,,,,,,,,,,,,,,,,,,,,,,,,,,,,,,,,
Wind,Billion Kwh,0,0,0,0,0,0,0,0,0,0,0,0,0,0,0,0,0,0,0,0,0,0,0,0,0,0,0,0,0,0,0
Senegal,,,,,,,,,,,,,,,,,,,,,,,,,,,,,,,,
Generation,,,,,,,,,,,,,,,,,,,,,,,,,,,,,,,,
Renewables,,,,,,,,,,,,,,,,,,,,,,,,,,,,,,,,
Non-Hydroelectric Renewables,,,,,,,,,,,,,,,,,,,,,,,,,,,,,,,,
Wind,Billion Kwh,0,0,0,0,0,0,0,0,0,0,0,0,0,0,0,0,0,0,0,0,0,0,0,0,0,0,0,0,0,0,0
Serbia,,,,,,,,,,,,,,,,,,,,,,,,,,,,,,,,
Generation,,,,,,,,,,,,,,,,,,,,,,,,,,,,,,,,
Renewables,,,,,,,,,,,,,,,,,,,,,,,,,,,,,,,,
Non-Hydroelectric Renewables,,,,,,,,,,,,,,,,,,,,,,,,,,,,,,,,
Wind,Billion Kwh,--,--,--,--,--,--,--,--,--,--,--,--,--,--,--,--,--,--,--,--,0,0,0,0,0,0,0,0.001,0.001,0.001,0.026
Seychelles,,,,,,,,,,,,,,,,,,,,,,,,,,,,,,,,
Generation,,,,,,,,,,,,,,,,,,,,,,,,,,,,,,,,
Renewables,,,,,,,,,,,,,,,,,,,,,,,,,,,,,,,,
Non-Hydroelectric Renewables,,,,,,,,,,,,,,,,,,,,,,,,,,,,,,,,
Wind,Billion Kwh,0,0,0,0,0,0,0,0,0,0,0,0,0,0,0,0,0,0,0,0,0,0,0,0,0,0,0,0.007,0.007,0.007,0
Sierra Leone,,,,,,,,,,,,,,,,,,,,,,,,,,,,,,,,
Generation,,,,,,,,,,,,,,,,,,,,,,,,,,,,,,,,
Renewables,,,,,,,,,,,,,,,,,,,,,,,,,,,,,,,,
Non-Hydroelectric Renewables,,,,,,,,,,,,,,,,,,,,,,,,,,,,,,,,
Wind,Billion Kwh,0,0,0,0,0,0,0,0,0,0,0,0,0,0,0,0,0,0,0,0,0,0,0,0,0,0,0,0,0,0,0
Singapore,,,,,,,,,,,,,,,,,,,,,,,,,,,,,,,,
Generation,,,,,,,,,,,,,,,,,,,,,,,,,,,,,,,,
Renewables,,,,,,,,,,,,,,,,,,,,,,,,,,,,,,,,
Non-Hydroelectric Renewables,,,,,,,,,,,,,,,,,,,,,,,,,,,,,,,,
Wind,Billion Kwh,0,0,0,0,0,0,0,0,0,0,0,0,0,0,0,0,0,0,0,0,0,0,0,0,0,0,0,0,0,0,0
Slovakia,,,,,,,,,,,,,,,,,,,,,,,,,,,,,,,,
Generation,,,,,,,,,,,,,,,,,,,,,,,,,,,,,,,,
Renewables,,,,,,,,,,,,,,,,,,,,,,,,,,,,,,,,
Non-Hydroelectric Renewables,,,,,,,,,,,,,,,,,,,,,,,,,,,,,,,,
Wind,Billion Kwh,--,--,--,--,--,--,--,0,0,0,0,0,0,0,0,0,0,0.002,0.006,0.006,0.006,0.008,0.007,0.006,0.006,0.005,0.006,0.006,0.006,0.006,0.006
Slovenia,,,,,,,,,,,,,,,,,,,,,,,,,,,,,,,,
Generation,,,,,,,,,,,,,,,,,,,,,,,,,,,,,,,,
Renewables,,,,,,,,,,,,,,,,,,,,,,,,,,,,,,,,
Non-Hydroelectric Renewables,,,,,,,,,,,,,,,,,,,,,,,,,,,,,,,,
Wind,Billion Kwh,--,--,--,--,--,--,0,0,0,0,0,0,0,0,0,0,0,0,0,0,0,0,0,0,0,0,0,0.004,0.004,0.006,0.006
Solomon Islands,,,,,,,,,,,,,,,,,,,,,,,,,,,,,,,,
Generation,,,,,,,,,,,,,,,,,,,,,,,,,,,,,,,,
Renewables,,,,,,,,,,,,,,,,,,,,,,,,,,,,,,,,
Non-Hydroelectric Renewables,,,,,,,,,,,,,,,,,,,,,,,,,,,,,,,,
Wind,Billion Kwh,0,0,0,0,0,0,0,0,0,0,0,0,0,0,0,0,0,0,0,0,0,0,0,0,0,0,0,0,0,0,0
Somalia,,,,,,,,,,,,,,,,,,,,,,,,,,,,,,,,
Generation,,,,,,,,,,,,,,,,,,,,,,,,,,,,,,,,
Renewables,,,,,,,,,,,,,,,,,,,,,,,,,,,,,,,,
Non-Hydroelectric Renewables,,,,,,,,,,,,,,,,,,,,,,,,,,,,,,,,
Wind,Billion Kwh,0,0,0,0,0,0,0,0,0,0,0,0,0,0,0,0,0,0,0,0,0,0,0,0,0,0,0.004,0.004,0.004,0.005,0.005
South Africa,,,,,,,,,,,,,,,,,,,,,,,,,,,,,,,,
Generation,,,,,,,,,,,,,,,,,,,,,,,,,,,,,,,,
Renewables,,,,,,,,,,,,,,,,,,,,,,,,,,,,,,,,
Non-Hydroelectric Renewables,,,,,,,,,,,,,,,,,,,,,,,,,,,,,,,,
Wind,Billion Kwh,0,0,0,0,0,0,0,0,0,0,0,0,0,0,0,0,0.032,0.032,0.032,0.032,0.032,0.032,0.032,0.032,0.03,0.04,0.04,0.01,1.1,2.5,3.7
South Sudan,,,,,,,,,,,,,,,,,,,,,,,,,,,,,,,,
Generation,,,,,,,,,,,,,,,,,,,,,,,,,,,,,,,,
Renewables,,,,,,,,,,,,,,,,,,,,,,,,,,,,,,,,
Non-Hydroelectric Renewables,,,,,,,,,,,,,,,,,,,,,,,,,,,,,,,,
Wind,Billion Kwh,--,--,--,--,--,--,--,--,--,--,--,--,--,--,--,--,--,--,--,--,--,--,--,--,--,--,0,0,0,0,0
Spain,,,,,,,,,,,,,,,,,,,,,,,,,,,,,,,,
Generation,,,,,,,,,,,,,,,,,,,,,,,,,,,,,,,,
Renewables,,,,,,,,,,,,,,,,,,,,,,,,,,,,,,,,
Non-Hydroelectric Renewables,,,,,,,,,,,,,,,,,,,,,,,,,,,,,,,,
Wind,Billion Kwh,0,0,0,0,0.014,0.015,0.103,0.116,0.175,0.27,0.364,0.742,1.352,2.744,4.727,6.759,9.342,12.075,15.7,21.176,23.297,27.568,32.946,38.117,43.192,41.871,48.265,54.641,51.008,48.122,47.713
Sri Lanka,,,,,,,,,,,,,,,,,,,,,,,,,,,,,,,,
Generation,,,,,,,,,,,,,,,,,,,,,,,,,,,,,,,,
Renewables,,,,,,,,,,,,,,,,,,,,,,,,,,,,,,,,
Non-Hydroelectric Renewables,,,,,,,,,,,,,,,,,,,,,,,,,,,,,,,,
Wind,Billion Kwh,0,0,0,0,0,0,0,0,0,0,0,0,0,0.003,0.003,0.003,0.004,0.003,0.003,0.002,0.002,0.002,0.003,0.003,0.053,0.092,0.147,0.235,0.27,0.343,0.345
Sudan,,,,,,,,,,,,,,,,,,,,,,,,,,,,,,,,
Generation,,,,,,,,,,,,,,,,,,,,,,,,,,,,,,,,
Renewables,,,,,,,,,,,,,,,,,,,,,,,,,,,,,,,,
Non-Hydroelectric Renewables,,,,,,,,,,,,,,,,,,,,,,,,,,,,,,,,
Wind,Billion Kwh,0,0,0,0,0,0,0,0,0,0,0,0,0,0,0,0,0,0,0,0,0,0,0,0,0,0,0,0,0,0,0
Suriname,,,,,,,,,,,,,,,,,,,,,,,,,,,,,,,,
Generation,,,,,,,,,,,,,,,,,,,,,,,,,,,,,,,,
Renewables,,,,,,,,,,,,,,,,,,,,,,,,,,,,,,,,
Non-Hydroelectric Renewables,,,,,,,,,,,,,,,,,,,,,,,,,,,,,,,,
Wind,Billion Kwh,0,0,0,0,0,0,0,0,0,0,0,0,0,0,0,0,0,0,0,0,0,0,0,0,0,0,0,0,0,0,0
Swaziland,,,,,,,,,,,,,,,,,,,,,,,,,,,,,,,,
Generation,,,,,,,,,,,,,,,,,,,,,,,,,,,,,,,,
Renewables,,,,,,,,,,,,,,,,,,,,,,,,,,,,,,,,
Non-Hydroelectric Renewables,,,,,,,,,,,,,,,,,,,,,,,,,,,,,,,,
Wind,Billion Kwh,0,0,0,0,0,0,0,0,0,0,0,0,0,0,0,0,0,0,0,0,0,0,0,0,0,0,0,0,0,0,0
Sweden,,,,,,,,,,,,,,,,,,,,,,,,,,,,,,,,
Generation,,,,,,,,,,,,,,,,,,,,,,,,,,,,,,,,
Renewables,,,,,,,,,,,,,,,,,,,,,,,,,,,,,,,,
Non-Hydroelectric Renewables,,,,,,,,,,,,,,,,,,,,,,,,,,,,,,,,
Wind,Billion Kwh,0.006,0.006,0.005,0.005,0.006,0.013,0.031,0.048,0.072,0.099,0.144,0.203,0.317,0.358,0.457,0.482,0.608,0.679,0.85,0.936,0.987,1.43,1.996,2.485,3.502,6.078,7.165,9.842,11.234,16.268,15.479
Switzerland,,,,,,,,,,,,,,,,,,,,,,,,,,,,,,,,
Generation,,,,,,,,,,,,,,,,,,,,,,,,,,,,,,,,
Renewables,,,,,,,,,,,,,,,,,,,,,,,,,,,,,,,,
Non-Hydroelectric Renewables,,,,,,,,,,,,,,,,,,,,,,,,,,,,,,,,
Wind,Billion Kwh,0,0,0,0,0,0,0,0,0,0,0.001,0.002,0.003,0.003,0.003,0.004,0.005,0.005,0.006,0.008,0.015,0.016,0.019,0.023,0.037,0.07,0.088,0.09,0.101,0.11,0.109
Syria,,,,,,,,,,,,,,,,,,,,,,,,,,,,,,,,
Generation,,,,,,,,,,,,,,,,,,,,,,,,,,,,,,,,
Renewables,,,,,,,,,,,,,,,,,,,,,,,,,,,,,,,,
Non-Hydroelectric Renewables,,,,,,,,,,,,,,,,,,,,,,,,,,,,,,,,
Wind,Billion Kwh,0,0,0,0,0,0,0,0,0,0,0,0,0,0,0,0,0,0,0,0,0,0,0,0,0,0,0,0,0,0,0
Taiwan,,,,,,,,,,,,,,,,,,,,,,,,,,,,,,,,
Generation,,,,,,,,,,,,,,,,,,,,,,,,,,,,,,,,
Renewables,,,,,,,,,,,,,,,,,,,,,,,,,,,,,,,,
Non-Hydroelectric Renewables,,,,,,,,,,,,,,,,,,,,,,,,,,,,,,,,
Wind,Billion Kwh,0,0,0,0,0,0,0,0,0,0,0,0,0,0,0.001,0.012,0.016,0.024,0.025,0.091,0.277,0.444,0.589,0.787,1.026,1.493,1.414,1.64,1.501,1.526,1.464
Tajikistan,,,,,,,,,,,,,,,,,,,,,,,,,,,,,,,,
Generation,,,,,,,,,,,,,,,,,,,,,,,,,,,,,,,,
Renewables,,,,,,,,,,,,,,,,,,,,,,,,,,,,,,,,
Non-Hydroelectric Renewables,,,,,,,,,,,,,,,,,,,,,,,,,,,,,,,,
Wind,Billion Kwh,--,--,--,--,--,--,0,0,0,0,0,0,0,0,0,0,0,0,0,0,0,0,0,0,0,0,0,0,0,0,0
Tanzania,,,,,,,,,,,,,,,,,,,,,,,,,,,,,,,,
Generation,,,,,,,,,,,,,,,,,,,,,,,,,,,,,,,,
Renewables,,,,,,,,,,,,,,,,,,,,,,,,,,,,,,,,
Non-Hydroelectric Renewables,,,,,,,,,,,,,,,,,,,,,,,,,,,,,,,,
Wind,Billion Kwh,0,0,0,0,0,0,0,0,0,0,0,0,0,0,0,0,0,0,0,0,0,0,0,0,0,0,0,0,0,0,0
Thailand,,,,,,,,,,,,,,,,,,,,,,,,,,,,,,,,
Generation,,,,,,,,,,,,,,,,,,,,,,,,,,,,,,,,
Renewables,,,,,,,,,,,,,,,,,,,,,,,,,,,,,,,,
Non-Hydroelectric Renewables,,,,,,,,,,,,,,,,,,,,,,,,,,,,,,,,
Wind,Billion Kwh,0,0,0,0,0,0,0,0,0,0,0,0,0.0004,0.0003,0.0003,0.0003,0.0003,0.0003,0.0003,0.0008,0.0009,0,0,0.001,0.001,0.005,0.141,0.305,0.305,0.33,0.345
Timor-Leste (East Timor),,,,,,,,,,,,,,,,,,,,,,,,,,,,,,,,
Generation,,,,,,,,,,,,,,,,,,,,,,,,,,,,,,,,
Renewables,,,,,,,,,,,,,,,,,,,,,,,,,,,,,,,,
Non-Hydroelectric Renewables,,,,,,,,,,,,,,,,,,,,,,,,,,,,,,,,
Wind,Billion Kwh,--,--,--,--,--,--,--,--,--,--,--,--,--,--,--,--,--,0,0,0,0,0,0,0,0,0,0,0,0,0,0
Togo,,,,,,,,,,,,,,,,,,,,,,,,,,,,,,,,
Generation,,,,,,,,,,,,,,,,,,,,,,,,,,,,,,,,
Renewables,,,,,,,,,,,,,,,,,,,,,,,,,,,,,,,,
Non-Hydroelectric Renewables,,,,,,,,,,,,,,,,,,,,,,,,,,,,,,,,
Wind,Billion Kwh,0,0,0,0,0,0,0,0,0,0,0,0,0,0,0,0,0,0,0,0,0,0,0,0,0,0,0,0,0,0,0
Tonga,,,,,,,,,,,,,,,,,,,,,,,,,,,,,,,,
Generation,,,,,,,,,,,,,,,,,,,,,,,,,,,,,,,,
Renewables,,,,,,,,,,,,,,,,,,,,,,,,,,,,,,,,
Non-Hydroelectric Renewables,,,,,,,,,,,,,,,,,,,,,,,,,,,,,,,,
Wind,Billion Kwh,0,0,0,0,0,0,0,0,0,0,0,0,0,0,0,0,0,0,0,0,0,0,0,0,0,0,0,0,0,0,0
Trinidad and Tobago,,,,,,,,,,,,,,,,,,,,,,,,,,,,,,,,
Generation,,,,,,,,,,,,,,,,,,,,,,,,,,,,,,,,
Renewables,,,,,,,,,,,,,,,,,,,,,,,,,,,,,,,,
Non-Hydroelectric Renewables,,,,,,,,,,,,,,,,,,,,,,,,,,,,,,,,
Wind,Billion Kwh,0,0,0,0,0,0,0,0,0,0,0,0,0,0,0,0,0,0,0,0,0,0,0,0,0,0,0,0,0,0,0
Tunisia,,,,,,,,,,,,,,,,,,,,,,,,,,,,,,,,
Generation,,,,,,,,,,,,,,,,,,,,,,,,,,,,,,,,
Renewables,,,,,,,,,,,,,,,,,,,,,,,,,,,,,,,,
Non-Hydroelectric Renewables,,,,,,,,,,,,,,,,,,,,,,,,,,,,,,,,
Wind,Billion Kwh,0,0,0,0,0,0,0,0,0,0,0,0,0,0,0.023,0.024,0.03,0.033,0.044,0.042,0.038,0.043,0.039,0.097,0.139,0.11,0.196,0.36,0.51,0.45,0.474
Turkey,,,,,,,,,,,,,,,,,,,,,,,,,,,,,,,,
Generation,,,,,,,,,,,,,,,,,,,,,,,,,,,,,,,,
Renewables,,,,,,,,,,,,,,,,,,,,,,,,,,,,,,,,
Non-Hydroelectric Renewables,,,,,,,,,,,,,,,,,,,,,,,,,,,,,,,,
Wind,Billion Kwh,0,0,0,0,0,0,0,0,0,0,0,0,0.005,0.021,0.033,0.062,0.048,0.061,0.058,0.059,0.127,0.355,0.847,1.495,2.908,4.716,5.837,7.535,8.485,11.591,15.381
Turkmenistan,,,,,,,,,,,,,,,,,,,,,,,,,,,,,,,,
Generation,,,,,,,,,,,,,,,,,,,,,,,,,,,,,,,,
Renewables,,,,,,,,,,,,,,,,,,,,,,,,,,,,,,,,
Non-Hydroelectric Renewables,,,,,,,,,,,,,,,,,,,,,,,,,,,,,,,,
Wind,Billion Kwh,--,--,--,--,--,--,0,0,0,0,0,0,0,0,0,0,0,0,0,0,0,0,0,0,0,0,0,0,0,0,0
Turks and Caicos Islands,,,,,,,,,,,,,,,,,,,,,,,,,,,,,,,,
Generation,,,,,,,,,,,,,,,,,,,,,,,,,,,,,,,,
Renewables,,,,,,,,,,,,,,,,,,,,,,,,,,,,,,,,
Non-Hydroelectric Renewables,,,,,,,,,,,,,,,,,,,,,,,,,,,,,,,,
Wind,Billion Kwh,0,0,0,0,0,0,0,0,0,0,0,0,0,0,0,0,0,0,0,0,0,0,0,0,0,0,0,0,0,0,0
U.S. Pacific Islands,,,,,,,,,,,,,,,,,,,,,,,,,,,,,,,,
Generation,,,,,,,,,,,,,,,,,,,,,,,,,,,,,,,,
Renewables,,,,,,,,,,,,,,,,,,,,,,,,,,,,,,,,
Non-Hydroelectric Renewables,,,,,,,,,,,,,,,,,,,,,,,,,,,,,,,,
Wind,Billion Kwh,0,0,0,0,0,0,0,0,0,0,0,0,0,0,0,0,0,0,0,0,0,0,0,0,0,0,0,0,0,0,0
U.S. Territories,,,,,,,,,,,,,,,,,,,,,,,,,,,,,,,,
Generation,,,,,,,,,,,,,,,,,,,,,,,,,,,,,,,,
Renewables,,,,,,,,,,,,,,,,,,,,,,,,,,,,,,,,
Non-Hydroelectric Renewables,,,,,,,,,,,,,,,,,,,,,,,,,,,,,,,,
Wind,Billion Kwh,-,-,-,-,-,-,-,-,-,-,-,-,-,-,-,-,-,-,-,-,-,-,-,-,-,-,-,-,-,-,-
Uganda,,,,,,,,,,,,,,,,,,,,,,,,,,,,,,,,
Generation,,,,,,,,,,,,,,,,,,,,,,,,,,,,,,,,
Renewables,,,,,,,,,,,,,,,,,,,,,,,,,,,,,,,,
Non-Hydroelectric Renewables,,,,,,,,,,,,,,,,,,,,,,,,,,,,,,,,
Wind,Billion Kwh,0,0,0,0,0,0,0,0,0,0,0,0,0,0,0,0,0,0,0,0,0,0,0,0,0,0,0,0,0,0,0
Ukraine,,,,,,,,,,,,,,,,,,,,,,,,,,,,,,,,
Generation,,,,,,,,,,,,,,,,,,,,,,,,,,,,,,,,
Renewables,,,,,,,,,,,,,,,,,,,,,,,,,,,,,,,,
Non-Hydroelectric Renewables,,,,,,,,,,,,,,,,,,,,,,,,,,,,,,,,
Wind,Billion Kwh,--,--,--,--,--,--,0,0,0,0,0,0,0.003,0.003,0.006,0.016,0.022,0.031,0.033,0.038,0.035,0.045,0.045,0.043,0.051,0.09,0.288,0.64,1.13,1.08,0.954
United Arab Emirates,,,,,,,,,,,,,,,,,,,,,,,,,,,,,,,,
Generation,,,,,,,,,,,,,,,,,,,,,,,,,,,,,,,,
Renewables,,,,,,,,,,,,,,,,,,,,,,,,,,,,,,,,
Non-Hydroelectric Renewables,,,,,,,,,,,,,,,,,,,,,,,,,,,,,,,,
Wind,Billion Kwh,0,0,0,0,0,0,0,0,0,0,0,0,0,0,0,0,0,0,0,0,0,0,0,0,0,0,0,0.002,0.002,0.002,0.002
United Kingdom,,,,,,,,,,,,,,,,,,,,,,,,,,,,,,,,
Generation,,,,,,,,,,,,,,,,,,,,,,,,,,,,,,,,
Renewables,,,,,,,,,,,,,,,,,,,,,,,,,,,,,,,,
Non-Hydroelectric Renewables,,,,,,,,,,,,,,,,,,,,,,,,,,,,,,,,
Wind,Billion Kwh,0,0,0.001,0.009,0.009,0.011,0.04,0.218,0.342,0.391,0.488,0.667,0.877,0.85,0.947,0.965,1.256,1.285,1.935,2.904,4.225,5.274,7.097,9.304,10.286,15.963,19.847,28.397,31.959,40.317,37.367
United States,,,,,,,,,,,,,,,,,,,,,,,,,,,,,,,,
Generation,,,,,,,,,,,,,,,,,,,,,,,,,,,,,,,,
Renewables,,,,,,,,,,,,,,,,,,,,,,,,,,,,,,,,
Non-Hydroelectric Renewables,,,,,,,,,,,,,,,,,,,,,,,,,,,,,,,,
Wind,Billion Kwh,0.004189,0.003541,0.000871,2.112043,2.7886,2.950951,2.887523,3.005827,3.447109,3.164253,3.234069,3.288035,3.025696,4.487998,5.593261,6.737331,10.35428,11.187466,14.143741,17.810549,26.589137,34.449927,55.3631,73.886132,94.652246,120.176599,140.821703,167.839745,181.655282,190.718548,226.992562
Uruguay,,,,,,,,,,,,,,,,,,,,,,,,,,,,,,,,
Generation,,,,,,,,,,,,,,,,,,,,,,,,,,,,,,,,
Renewables,,,,,,,,,,,,,,,,,,,,,,,,,,,,,,,,
Non-Hydroelectric Renewables,,,,,,,,,,,,,,,,,,,,,,,,,,,,,,,,
Wind,Billion Kwh,0,0,0,0,0,0,0,0,0,0,0,0,0,0,0,0,0,0,0,0,0,0,0.003,0.042,0.068,0.11,0.111,0.14,0.73,2.065,2.994
Uzbekistan,,,,,,,,,,,,,,,,,,,,,,,,,,,,,,,,
Generation,,,,,,,,,,,,,,,,,,,,,,,,,,,,,,,,
Renewables,,,,,,,,,,,,,,,,,,,,,,,,,,,,,,,,
Non-Hydroelectric Renewables,,,,,,,,,,,,,,,,,,,,,,,,,,,,,,,,
Wind,Billion Kwh,--,--,--,--,--,--,0,0,0,0,0,0,0,0,0,0,0,0,0,0,0,0,0,0,0,0,0,0,0,0,0
Vanuatu,,,,,,,,,,,,,,,,,,,,,,,,,,,,,,,,
Generation,,,,,,,,,,,,,,,,,,,,,,,,,,,,,,,,
Renewables,,,,,,,,,,,,,,,,,,,,,,,,,,,,,,,,
Non-Hydroelectric Renewables,,,,,,,,,,,,,,,,,,,,,,,,,,,,,,,,
Wind,Billion Kwh,0,0,0,0,0,0,0,0,0,0,0,0,0,0,0,0,0,0,0,0,0,0,0,0,0.005,0.004,0.005,0.005,0.005,0.005,0.005
Venezuela,,,,,,,,,,,,,,,,,,,,,,,,,,,,,,,,
Generation,,,,,,,,,,,,,,,,,,,,,,,,,,,,,,,,
Renewables,,,,,,,,,,,,,,,,,,,,,,,,,,,,,,,,
Non-Hydroelectric Renewables,,,,,,,,,,,,,,,,,,,,,,,,,,,,,,,,
Wind,Billion Kwh,0,0,0,0,0,0,0,0,0,0,0,0,0,0,0,0,0,0,0,0,0,0,0,0,0,0,0.05,0.09,0.09,0.09,0.09
Vietnam,,,,,,,,,,,,,,,,,,,,,,,,,,,,,,,,
Generation,,,,,,,,,,,,,,,,,,,,,,,,,,,,,,,,
Renewables,,,,,,,,,,,,,,,,,,,,,,,,,,,,,,,,
Non-Hydroelectric Renewables,,,,,,,,,,,,,,,,,,,,,,,,,,,,,,,,
Wind,Billion Kwh,0,0,0,0,0,0,0,0,0,0,0,0,0,0,0,0,0,0,0,0,0,0,0.001,0.01,0.05,0.087,0.087,0.087,0.087,0.12,0.201
"Virgin Islands,  U.S.",,,,,,,,,,,,,,,,,,,,,,,,,,,,,,,,
Generation,,,,,,,,,,,,,,,,,,,,,,,,,,,,,,,,
Renewables,,,,,,,,,,,,,,,,,,,,,,,,,,,,,,,,
Non-Hydroelectric Renewables,,,,,,,,,,,,,,,,,,,,,,,,,,,,,,,,
Wind,Billion Kwh,0,0,0,0,0,0,0,0,0,0,0,0,0,0,0,0,0,0,0,0,0,0,0,0,0,0,0,0,0,0,0
"Virgin Islands, British",,,,,,,,,,,,,,,,,,,,,,,,,,,,,,,,
Generation,,,,,,,,,,,,,,,,,,,,,,,,,,,,,,,,
Renewables,,,,,,,,,,,,,,,,,,,,,,,,,,,,,,,,
Non-Hydroelectric Renewables,,,,,,,,,,,,,,,,,,,,,,,,,,,,,,,,
Wind,Billion Kwh,0,0,0,0,0,0,0,0,0,0,0,0,0,0,0,0,0,0,0,0,0,0,0,0,0.001,0.001,0.001,0.001,0.001,0.001,0.001
Wake Island,,,,,,,,,,,,,,,,,,,,,,,,,,,,,,,,
Generation,,,,,,,,,,,,,,,,,,,,,,,,,,,,,,,,
Renewables,,,,,,,,,,,,,,,,,,,,,,,,,,,,,,,,
Non-Hydroelectric Renewables,,,,,,,,,,,,,,,,,,,,,,,,,,,,,,,,
Wind,Billion Kwh,0,0,0,0,0,0,0,0,0,0,0,0,0,0,0,0,0,0,0,0,0,0,0,0,0,0,0,0,0,0,0
Western Sahara,,,,,,,,,,,,,,,,,,,,,,,,,,,,,,,,
Generation,,,,,,,,,,,,,,,,,,,,,,,,,,,,,,,,
Renewables,,,,,,,,,,,,,,,,,,,,,,,,,,,,,,,,
Non-Hydroelectric Renewables,,,,,,,,,,,,,,,,,,,,,,,,,,,,,,,,
Wind,Billion Kwh,0,0,0,0,0,0,0,0,0,0,0,0,0,0,0,0,0,0,0,0,0,0,0,0,0,0,0,0,0,0,0
Yemen,,,,,,,,,,,,,,,,,,,,,,,,,,,,,,,,
Generation,,,,,,,,,,,,,,,,,,,,,,,,,,,,,,,,
Renewables,,,,,,,,,,,,,,,,,,,,,,,,,,,,,,,,
Non-Hydroelectric Renewables,,,,,,,,,,,,,,,,,,,,,,,,,,,,,,,,
Wind,Billion Kwh,0,0,0,0,0,0,0,0,0,0,0,0,0,0,0,0,0,0,0,0,0,0,0,0,0,0,0,0,0,0,0
Zambia,,,,,,,,,,,,,,,,,,,,,,,,,,,,,,,,
Generation,,,,,,,,,,,,,,,,,,,,,,,,,,,,,,,,
Renewables,,,,,,,,,,,,,,,,,,,,,,,,,,,,,,,,
Non-Hydroelectric Renewables,,,,,,,,,,,,,,,,,,,,,,,,,,,,,,,,
Wind,Billion Kwh,0,0,0,0,0,0,0,0,0,0,0,0,0,0,0,0,0,0,0,0,0,0,0,0,0,0,0,0,0,0,0
Zimbabwe,,,,,,,,,,,,,,,,,,,,,,,,,,,,,,,,
Generation,,,,,,,,,,,,,,,,,,,,,,,,,,,,,,,,
Renewables,,,,,,,,,,,,,,,,,,,,,,,,,,,,,,,,
Non-Hydroelectric Renewables,,,,,,,,,,,,,,,,,,,,,,,,,,,,,,,,
Wind,Billion Kwh,0,0,0,0,0,0,0,0,0,0,0,0,0,0,0,0,0,0,0,0,0,0,0,0,0,0,0,0,0,0,0
