Country Name,Country Code,Indicator Name,Indicator Code,Out_2006,Out_2007,Out_2008,Out_2009,Out_2010,Out_2011,Out_2012,Out_2013,Out_2014,Out_2015,Out_2016,Out_2017,Out_2018
Aruba,ABW,Value lost due to electrical outages (% of sales for affected firms),IC.FRM.OUTG.ZS,,,,,,,,,,,,,
Afghanistan,AFG,Value lost due to electrical outages (% of sales for affected firms),IC.FRM.OUTG.ZS,,,6.5,,,,,,9.6,,,,
Angola,AGO,Value lost due to electrical outages (% of sales for affected firms),IC.FRM.OUTG.ZS,3.7,,,,12.6,,,,,,,,
Albania,ALB,Value lost due to electrical outages (% of sales for affected firms),IC.FRM.OUTG.ZS,,13.7,,,,,,5.4,,,,,
Andorra,AND,Value lost due to electrical outages (% of sales for affected firms),IC.FRM.OUTG.ZS,,,,,,,,,,,,,
Arab World,ARB,Value lost due to electrical outages (% of sales for affected firms),IC.FRM.OUTG.ZS,,,,,,,,,,,,5.690909091,
United Arab Emirates,ARE,Value lost due to electrical outages (% of sales for affected firms),IC.FRM.OUTG.ZS,,,,,,,,,,,,,
Argentina,ARG,Value lost due to electrical outages (% of sales for affected firms),IC.FRM.OUTG.ZS,1.4,,,,3.5,,,,,,,0.8,
Armenia,ARM,Value lost due to electrical outages (% of sales for affected firms),IC.FRM.OUTG.ZS,,,,1.8,,,,0.2,,,,,
American Samoa,ASM,Value lost due to electrical outages (% of sales for affected firms),IC.FRM.OUTG.ZS,,,,,,,,,,,,,
Antigua and Barbuda,ATG,Value lost due to electrical outages (% of sales for affected firms),IC.FRM.OUTG.ZS,,,,,0.2,,,,,,,,
Australia,AUS,Value lost due to electrical outages (% of sales for affected firms),IC.FRM.OUTG.ZS,,,,,,,,,,,,,
Austria,AUT,Value lost due to electrical outages (% of sales for affected firms),IC.FRM.OUTG.ZS,,,,,,,,,,,,,
Azerbaijan,AZE,Value lost due to electrical outages (% of sales for affected firms),IC.FRM.OUTG.ZS,,,,1.8,,,,1,,,,,
Burundi,BDI,Value lost due to electrical outages (% of sales for affected firms),IC.FRM.OUTG.ZS,10.7,,,,,,,,3.4,,,,
Belgium,BEL,Value lost due to electrical outages (% of sales for affected firms),IC.FRM.OUTG.ZS,,,,,,,,,,,,,
Benin,BEN,Value lost due to electrical outages (% of sales for affected firms),IC.FRM.OUTG.ZS,,,,6.2,,,,,,,9.4,,
Burkina Faso,BFA,Value lost due to electrical outages (% of sales for affected firms),IC.FRM.OUTG.ZS,,,,5.8,,,,,,,,,
Bangladesh,BGD,Value lost due to electrical outages (% of sales for affected firms),IC.FRM.OUTG.ZS,,10.6,,,,,,5.5,,,,,
Bulgaria,BGR,Value lost due to electrical outages (% of sales for affected firms),IC.FRM.OUTG.ZS,,1.2,,1.6,,,,0.9,,,,,
Bahrain,BHR,Value lost due to electrical outages (% of sales for affected firms),IC.FRM.OUTG.ZS,,,,,,,,,,,,,
"Bahamas, The",BHS,Value lost due to electrical outages (% of sales for affected firms),IC.FRM.OUTG.ZS,,,,,1.5,,,,,,,,
Bosnia and Herzegovina,BIH,Value lost due to electrical outages (% of sales for affected firms),IC.FRM.OUTG.ZS,,,,1.9,,,,1,,,,,
Belarus,BLR,Value lost due to electrical outages (% of sales for affected firms),IC.FRM.OUTG.ZS,,,0.7,,,,,0.3,,,,,
Belize,BLZ,Value lost due to electrical outages (% of sales for affected firms),IC.FRM.OUTG.ZS,,,,,0.1,,,,,,,,
Bermuda,BMU,Value lost due to electrical outages (% of sales for affected firms),IC.FRM.OUTG.ZS,,,,,,,,,,,,,
Bolivia,BOL,Value lost due to electrical outages (% of sales for affected firms),IC.FRM.OUTG.ZS,4.4,,,,2.5,,,,,,,0.9,
Brazil,BRA,Value lost due to electrical outages (% of sales for affected firms),IC.FRM.OUTG.ZS,,,,3.4,,,,,,,,,
Barbados,BRB,Value lost due to electrical outages (% of sales for affected firms),IC.FRM.OUTG.ZS,,,,,0.2,,,,,,,,
Brunei Darussalam,BRN,Value lost due to electrical outages (% of sales for affected firms),IC.FRM.OUTG.ZS,,,,,,,,,,,,,
Bhutan,BTN,Value lost due to electrical outages (% of sales for affected firms),IC.FRM.OUTG.ZS,,,,4.3,,,,,,3.7,,,
Botswana,BWA,Value lost due to electrical outages (% of sales for affected firms),IC.FRM.OUTG.ZS,1.4,,,,3.7,,,,,,,,
Central African Republic,CAF,Value lost due to electrical outages (% of sales for affected firms),IC.FRM.OUTG.ZS,,,,,,25.1,,,,,,,
Canada,CAN,Value lost due to electrical outages (% of sales for affected firms),IC.FRM.OUTG.ZS,,,,,,,,,,,,,
Central Europe and the Baltics,CEB,Value lost due to electrical outages (% of sales for affected firms),IC.FRM.OUTG.ZS,,,,,,,,,,,,0.872727273,
Switzerland,CHE,Value lost due to electrical outages (% of sales for affected firms),IC.FRM.OUTG.ZS,,,,,,,,,,,,,
Channel Islands,CHI,Value lost due to electrical outages (% of sales for affected firms),IC.FRM.OUTG.ZS,,,,,,,,,,,,,
Chile,CHL,Value lost due to electrical outages (% of sales for affected firms),IC.FRM.OUTG.ZS,1.8,,,,1.3,,,,,,,,
China,CHN,Value lost due to electrical outages (% of sales for affected firms),IC.FRM.OUTG.ZS,,,,,,,1.3,,,,,,
Cote d'Ivoire,CIV,Value lost due to electrical outages (% of sales for affected firms),IC.FRM.OUTG.ZS,,,,5,,,,,,,4.9,,
Cameroon,CMR,Value lost due to electrical outages (% of sales for affected firms),IC.FRM.OUTG.ZS,,,,4.9,,,,,,,9.9,,
"Congo, Dem. Rep.",COD,Value lost due to electrical outages (% of sales for affected firms),IC.FRM.OUTG.ZS,5.6,,,,22.7,,,7.8,,,,,
"Congo, Rep.",COG,Value lost due to electrical outages (% of sales for affected firms),IC.FRM.OUTG.ZS,,,,16.4,,,,,,,,,
Colombia,COL,Value lost due to electrical outages (% of sales for affected firms),IC.FRM.OUTG.ZS,2.3,,,,1.8,,,,,,,1.9,
Comoros,COM,Value lost due to electrical outages (% of sales for affected firms),IC.FRM.OUTG.ZS,,,,,,,,,,,,,
Cabo Verde,CPV,Value lost due to electrical outages (% of sales for affected firms),IC.FRM.OUTG.ZS,,,,5.5,,,,,,,,,
Costa Rica,CRI,Value lost due to electrical outages (% of sales for affected firms),IC.FRM.OUTG.ZS,,,,,1.7,,,,,,,,
Caribbean small states,CSS,Value lost due to electrical outages (% of sales for affected firms),IC.FRM.OUTG.ZS,,,,,,,,,,,,0.769230769,
Cuba,CUB,Value lost due to electrical outages (% of sales for affected firms),IC.FRM.OUTG.ZS,,,,,,,,,,,,,
Curacao,CUW,Value lost due to electrical outages (% of sales for affected firms),IC.FRM.OUTG.ZS,,,,,,,,,,,,,
Cayman Islands,CYM,Value lost due to electrical outages (% of sales for affected firms),IC.FRM.OUTG.ZS,,,,,,,,,,,,,
Cyprus,CYP,Value lost due to electrical outages (% of sales for affected firms),IC.FRM.OUTG.ZS,,,,,,,,,,,,,
Czech Republic,CZE,Value lost due to electrical outages (% of sales for affected firms),IC.FRM.OUTG.ZS,,,,0.6,,,,1,,,,,
Germany,DEU,Value lost due to electrical outages (% of sales for affected firms),IC.FRM.OUTG.ZS,,,,,,,,,,,,,
Djibouti,DJI,Value lost due to electrical outages (% of sales for affected firms),IC.FRM.OUTG.ZS,,,,,,,,4.6,,,,,
Dominica,DMA,Value lost due to electrical outages (% of sales for affected firms),IC.FRM.OUTG.ZS,,,,,0.1,,,,,,,,
Denmark,DNK,Value lost due to electrical outages (% of sales for affected firms),IC.FRM.OUTG.ZS,,,,,,,,,,,,,
Dominican Republic,DOM,Value lost due to electrical outages (% of sales for affected firms),IC.FRM.OUTG.ZS,,,,,4.4,,,,,,3.1,,
Algeria,DZA,Value lost due to electrical outages (% of sales for affected firms),IC.FRM.OUTG.ZS,,,,,,,,,,,,,
East Asia & Pacific (excluding high income),EAP,Value lost due to electrical outages (% of sales for affected firms),IC.FRM.OUTG.ZS,,,,,,,,,,,,3.176923077,
Early-demographic dividend,EAR,Value lost due to electrical outages (% of sales for affected firms),IC.FRM.OUTG.ZS,,,,,,,,,,,,5.077777778,
East Asia & Pacific,EAS,Value lost due to electrical outages (% of sales for affected firms),IC.FRM.OUTG.ZS,,,,,,,,,,,,3.176923077,
Europe & Central Asia (excluding high income),ECA,Value lost due to electrical outages (% of sales for affected firms),IC.FRM.OUTG.ZS,,,,,,,,,,,,2.885,
Europe & Central Asia,ECS,Value lost due to electrical outages (% of sales for affected firms),IC.FRM.OUTG.ZS,,,,,,,,,,,,2.244827586,
Ecuador,ECU,Value lost due to electrical outages (% of sales for affected firms),IC.FRM.OUTG.ZS,2.7,,,,3.9,,,,,,,1.1,
"Egypt, Arab Rep.",EGY,Value lost due to electrical outages (% of sales for affected firms),IC.FRM.OUTG.ZS,,,,,,,,7.7,,,4.3,,
Euro area,EMU,Value lost due to electrical outages (% of sales for affected firms),IC.FRM.OUTG.ZS,,,,,,,,,,,,0.28,
Eritrea,ERI,Value lost due to electrical outages (% of sales for affected firms),IC.FRM.OUTG.ZS,,,,0.2,,,,,,,,,
Spain,ESP,Value lost due to electrical outages (% of sales for affected firms),IC.FRM.OUTG.ZS,,,,,,,,,,,,,
Estonia,EST,Value lost due to electrical outages (% of sales for affected firms),IC.FRM.OUTG.ZS,,,,0.5,,,,0.1,,,,,
Ethiopia,ETH,Value lost due to electrical outages (% of sales for affected firms),IC.FRM.OUTG.ZS,,,,,,4.3,,,,6.9,,,
European Union,EUU,Value lost due to electrical outages (% of sales for affected firms),IC.FRM.OUTG.ZS,,,,,,,,,,,,0.872727273,
Fragile and conflict affected situations,FCS,Value lost due to electrical outages (% of sales for affected firms),IC.FRM.OUTG.ZS,,,,,,,,,,,,8.473913043,
Finland,FIN,Value lost due to electrical outages (% of sales for affected firms),IC.FRM.OUTG.ZS,,,,,,,,,,,,,
Fiji,FJI,Value lost due to electrical outages (% of sales for affected firms),IC.FRM.OUTG.ZS,,,,4.9,,,,,,,,,
France,FRA,Value lost due to electrical outages (% of sales for affected firms),IC.FRM.OUTG.ZS,,,,,,,,,,,,,
Faroe Islands,FRO,Value lost due to electrical outages (% of sales for affected firms),IC.FRM.OUTG.ZS,,,,,,,,,,,,,
"Micronesia, Fed. Sts.",FSM,Value lost due to electrical outages (% of sales for affected firms),IC.FRM.OUTG.ZS,,,,2.6,,,,,,,,,
Gabon,GAB,Value lost due to electrical outages (% of sales for affected firms),IC.FRM.OUTG.ZS,,,,1.7,,,,,,,,,
United Kingdom,GBR,Value lost due to electrical outages (% of sales for affected firms),IC.FRM.OUTG.ZS,,,,,,,,,,,,,
Georgia,GEO,Value lost due to electrical outages (% of sales for affected firms),IC.FRM.OUTG.ZS,,,1.4,,,,,2.2,,,,,
Ghana,GHA,Value lost due to electrical outages (% of sales for affected firms),IC.FRM.OUTG.ZS,,5.6,,,,,,15.8,,,,,
Gibraltar,GIB,Value lost due to electrical outages (% of sales for affected firms),IC.FRM.OUTG.ZS,,,,,,,,,,,,,
Guinea,GIN,Value lost due to electrical outages (% of sales for affected firms),IC.FRM.OUTG.ZS,13.9,,,,,,,,,,4.7,,
"Gambia, The",GMB,Value lost due to electrical outages (% of sales for affected firms),IC.FRM.OUTG.ZS,11.8,,,,,,,,,,,,14.2
Guinea-Bissau,GNB,Value lost due to electrical outages (% of sales for affected firms),IC.FRM.OUTG.ZS,5.2,,,,,,,,,,,,
Equatorial Guinea,GNQ,Value lost due to electrical outages (% of sales for affected firms),IC.FRM.OUTG.ZS,,,,,,,,,,,,,
Greece,GRC,Value lost due to electrical outages (% of sales for affected firms),IC.FRM.OUTG.ZS,,,,,,,,,,,,,
Grenada,GRD,Value lost due to electrical outages (% of sales for affected firms),IC.FRM.OUTG.ZS,,,,,1,,,,,,,,
Greenland,GRL,Value lost due to electrical outages (% of sales for affected firms),IC.FRM.OUTG.ZS,,,,,,,,,,,,,
Guatemala,GTM,Value lost due to electrical outages (% of sales for affected firms),IC.FRM.OUTG.ZS,4.5,,,,2.8,,,,,,,1.4,
Guam,GUM,Value lost due to electrical outages (% of sales for affected firms),IC.FRM.OUTG.ZS,,,,,,,,,,,,,
Guyana,GUY,Value lost due to electrical outages (% of sales for affected firms),IC.FRM.OUTG.ZS,,,,,2.8,,,,,,,,
High income,HIC,Value lost due to electrical outages (% of sales for affected firms),IC.FRM.OUTG.ZS,,,,,,,,,,,,0.863157895,
"Hong Kong SAR, China",HKG,Value lost due to electrical outages (% of sales for affected firms),IC.FRM.OUTG.ZS,,,,,,,,,,,,,
Honduras,HND,Value lost due to electrical outages (% of sales for affected firms),IC.FRM.OUTG.ZS,3.8,,,,9.2,,,,,,3.7,,
Heavily indebted poor countries (HIPC),HPC,Value lost due to electrical outages (% of sales for affected firms),IC.FRM.OUTG.ZS,,,,,,,,,,,,7.836666667,
Croatia,HRV,Value lost due to electrical outages (% of sales for affected firms),IC.FRM.OUTG.ZS,,0.8,,,,,,0.4,,,,,
Haiti,HTI,Value lost due to electrical outages (% of sales for affected firms),IC.FRM.OUTG.ZS,,,,,,,,,,,,,
Hungary,HUN,Value lost due to electrical outages (% of sales for affected firms),IC.FRM.OUTG.ZS,,,,0.8,,,,1.8,,,,,
IBRD only,IBD,Value lost due to electrical outages (% of sales for affected firms),IC.FRM.OUTG.ZS,,,,,,,,,,,,2.464285714,
IDA & IBRD total,IBT,Value lost due to electrical outages (% of sales for affected firms),IC.FRM.OUTG.ZS,,,,,,,,,,,,5.026785714,
IDA total,IDA,Value lost due to electrical outages (% of sales for affected firms),IC.FRM.OUTG.ZS,,,,,,,,,,,,7.589285714,
IDA blend,IDB,Value lost due to electrical outages (% of sales for affected firms),IC.FRM.OUTG.ZS,,,,,,,,,,,,6.985714286,
Indonesia,IDN,Value lost due to electrical outages (% of sales for affected firms),IC.FRM.OUTG.ZS,,,,2.2,,,,,,1.9,,,
IDA only,IDX,Value lost due to electrical outages (% of sales for affected firms),IC.FRM.OUTG.ZS,,,,,,,,,,,,7.79047619,
Isle of Man,IMN,Value lost due to electrical outages (% of sales for affected firms),IC.FRM.OUTG.ZS,,,,,,,,,,,,,
India,IND,Value lost due to electrical outages (% of sales for affected firms),IC.FRM.OUTG.ZS,,,,,,,,,3.7,,,,
Not classified,INX,Value lost due to electrical outages (% of sales for affected firms),IC.FRM.OUTG.ZS,,,,,,,,,,,,,
Ireland,IRL,Value lost due to electrical outages (% of sales for affected firms),IC.FRM.OUTG.ZS,,,,,,,,,,,,,
"Iran, Islamic Rep.",IRN,Value lost due to electrical outages (% of sales for affected firms),IC.FRM.OUTG.ZS,,,,,,,,,,,,,
Iraq,IRQ,Value lost due to electrical outages (% of sales for affected firms),IC.FRM.OUTG.ZS,,,,,,8.8,,,,,,,
Iceland,ISL,Value lost due to electrical outages (% of sales for affected firms),IC.FRM.OUTG.ZS,,,,,,,,,,,,,
Israel,ISR,Value lost due to electrical outages (% of sales for affected firms),IC.FRM.OUTG.ZS,,,,,,,,0.1,,,,,
Italy,ITA,Value lost due to electrical outages (% of sales for affected firms),IC.FRM.OUTG.ZS,,,,,,,,,,,,,
Jamaica,JAM,Value lost due to electrical outages (% of sales for affected firms),IC.FRM.OUTG.ZS,,,,,0.2,,,,,,,,
Jordan,JOR,Value lost due to electrical outages (% of sales for affected firms),IC.FRM.OUTG.ZS,,,,,,,,2.3,,,,,
Japan,JPN,Value lost due to electrical outages (% of sales for affected firms),IC.FRM.OUTG.ZS,,,,,,,,,,,,,
Kazakhstan,KAZ,Value lost due to electrical outages (% of sales for affected firms),IC.FRM.OUTG.ZS,,,,3.7,,,,1.4,,,,,
Kenya,KEN,Value lost due to electrical outages (% of sales for affected firms),IC.FRM.OUTG.ZS,,6.4,,,,,,7,,,,,
Kyrgyz Republic,KGZ,Value lost due to electrical outages (% of sales for affected firms),IC.FRM.OUTG.ZS,,,,10.5,,,,4,,,,,
Cambodia,KHM,Value lost due to electrical outages (% of sales for affected firms),IC.FRM.OUTG.ZS,,,,,,,,0.4,,,3.6,,
Kiribati,KIR,Value lost due to electrical outages (% of sales for affected firms),IC.FRM.OUTG.ZS,,,,,,,,,,,,,
St. Kitts and Nevis,KNA,Value lost due to electrical outages (% of sales for affected firms),IC.FRM.OUTG.ZS,,,,,2.1,,,,,,,,
South Korea,KOR,Value lost due to electrical outages (% of sales for affected firms),IC.FRM.OUTG.ZS,,,,,,,,,,,,,
Kuwait,KWT,Value lost due to electrical outages (% of sales for affected firms),IC.FRM.OUTG.ZS,,,,,,,,,,,,,
Latin America & Caribbean (excluding high income),LAC,Value lost due to electrical outages (% of sales for affected firms),IC.FRM.OUTG.ZS,,,,,,,,,,,,1.880952381,
Lao PDR,LAO,Value lost due to electrical outages (% of sales for affected firms),IC.FRM.OUTG.ZS,,,,,,,2.5,,,,2.6,,
Lebanon,LBN,Value lost due to electrical outages (% of sales for affected firms),IC.FRM.OUTG.ZS,,,,,,,,7,,,,,
Liberia,LBR,Value lost due to electrical outages (% of sales for affected firms),IC.FRM.OUTG.ZS,,,,2.8,,,,,,,,6.1,
Libya,LBY,Value lost due to electrical outages (% of sales for affected firms),IC.FRM.OUTG.ZS,,,,,,,,,,,,,
St. Lucia,LCA,Value lost due to electrical outages (% of sales for affected firms),IC.FRM.OUTG.ZS,,,,,0,,,,,,,,
Latin America & Caribbean,LCN,Value lost due to electrical outages (% of sales for affected firms),IC.FRM.OUTG.ZS,,,,,,,,,,,,1.613333333,
Least developed countries: UN classification,LDC,Value lost due to electrical outages (% of sales for affected firms),IC.FRM.OUTG.ZS,,,,,,,,,,,,8.222222222,
Low income,LIC,Value lost due to electrical outages (% of sales for affected firms),IC.FRM.OUTG.ZS,,,,,,,,,,,,9.956,
Liechtenstein,LIE,Value lost due to electrical outages (% of sales for affected firms),IC.FRM.OUTG.ZS,,,,,,,,,,,,,
Sri Lanka,LKA,Value lost due to electrical outages (% of sales for affected firms),IC.FRM.OUTG.ZS,,,,,,3,,,,,,,
Lower middle income,LMC,Value lost due to electrical outages (% of sales for affected firms),IC.FRM.OUTG.ZS,,,,,,,,,,,,5.497560976,
Low & middle income,LMY,Value lost due to electrical outages (% of sales for affected firms),IC.FRM.OUTG.ZS,,,,,,,,,,,,5.404807692,
Lesotho,LSO,Value lost due to electrical outages (% of sales for affected firms),IC.FRM.OUTG.ZS,,,,6.7,,,,,,,2.5,,
Late-demographic dividend,LTE,Value lost due to electrical outages (% of sales for affected firms),IC.FRM.OUTG.ZS,,,,,,,,,,,,1.782857143,
Lithuania,LTU,Value lost due to electrical outages (% of sales for affected firms),IC.FRM.OUTG.ZS,,,,0.6,,,,0.2,,,,,
Luxembourg,LUX,Value lost due to electrical outages (% of sales for affected firms),IC.FRM.OUTG.ZS,,,,,,,,,,,,,
Latvia,LVA,Value lost due to electrical outages (% of sales for affected firms),IC.FRM.OUTG.ZS,,,,1.1,,,,0.3,,,,,
"Macao SAR, China",MAC,Value lost due to electrical outages (% of sales for affected firms),IC.FRM.OUTG.ZS,,,,,,,,,,,,,
St. Martin (French part),MAF,Value lost due to electrical outages (% of sales for affected firms),IC.FRM.OUTG.ZS,,,,,,,,,,,,,
Morocco,MAR,Value lost due to electrical outages (% of sales for affected firms),IC.FRM.OUTG.ZS,,,,,,,,0.8,,,,,
Monaco,MCO,Value lost due to electrical outages (% of sales for affected firms),IC.FRM.OUTG.ZS,,,,,,,,,,,,,
Moldova,MDA,Value lost due to electrical outages (% of sales for affected firms),IC.FRM.OUTG.ZS,,,,2,,,,0.7,,,,,
Madagascar,MDG,Value lost due to electrical outages (% of sales for affected firms),IC.FRM.OUTG.ZS,,,,7.7,,,,13.6,,,,,
Maldives,MDV,Value lost due to electrical outages (% of sales for affected firms),IC.FRM.OUTG.ZS,,,,,,,,,,,,,
Middle East & North Africa,MEA,Value lost due to electrical outages (% of sales for affected firms),IC.FRM.OUTG.ZS,,,,,,,,,,,,5.91,
Mexico,MEX,Value lost due to electrical outages (% of sales for affected firms),IC.FRM.OUTG.ZS,2.4,,,,3.4,,,,,,,,
Marshall Islands,MHL,Value lost due to electrical outages (% of sales for affected firms),IC.FRM.OUTG.ZS,,,,,,,,,,,,,
Middle income,MIC,Value lost due to electrical outages (% of sales for affected firms),IC.FRM.OUTG.ZS,,,,,,,,,,,,3.964556962,
"Macedonia, FYR",MKD,Value lost due to electrical outages (% of sales for affected firms),IC.FRM.OUTG.ZS,,,,5.9,,,,3.4,,,,,
Mali,MLI,Value lost due to electrical outages (% of sales for affected firms),IC.FRM.OUTG.ZS,,1.8,,,4.1,,,,,,8.8,,
Malta,MLT,Value lost due to electrical outages (% of sales for affected firms),IC.FRM.OUTG.ZS,,,,,,,,,,,,,
Myanmar,MMR,Value lost due to electrical outages (% of sales for affected firms),IC.FRM.OUTG.ZS,,,,,,,,,2.5,,2.5,,
Middle East & North Africa (excluding high income),MNA,Value lost due to electrical outages (% of sales for affected firms),IC.FRM.OUTG.ZS,,,,,,,,,,,,6.555555556,
Montenegro,MNE,Value lost due to electrical outages (% of sales for affected firms),IC.FRM.OUTG.ZS,,,,8.1,,,,1.3,,,,,
Mongolia,MNG,Value lost due to electrical outages (% of sales for affected firms),IC.FRM.OUTG.ZS,,,,0.8,,,,2.1,,,,,
Northern Mariana Islands,MNP,Value lost due to electrical outages (% of sales for affected firms),IC.FRM.OUTG.ZS,,,,,,,,,,,,,
Mozambique,MOZ,Value lost due to electrical outages (% of sales for affected firms),IC.FRM.OUTG.ZS,,2.4,,,,,,,,,,,
Mauritania,MRT,Value lost due to electrical outages (% of sales for affected firms),IC.FRM.OUTG.ZS,1.6,,,,,,,,2.4,,,,
Mauritius,MUS,Value lost due to electrical outages (% of sales for affected firms),IC.FRM.OUTG.ZS,,,,2.2,,,,,,,,,
Malawi,MWI,Value lost due to electrical outages (% of sales for affected firms),IC.FRM.OUTG.ZS,,,,13.3,,,,,7.2,,,,
Malaysia,MYS,Value lost due to electrical outages (% of sales for affected firms),IC.FRM.OUTG.ZS,,,,,,,,,,1.8,,,
North America,NAC,Value lost due to electrical outages (% of sales for affected firms),IC.FRM.OUTG.ZS,,,,,,,,,,,,,
Namibia,NAM,Value lost due to electrical outages (% of sales for affected firms),IC.FRM.OUTG.ZS,0.7,,,,,,,,4.8,,,,
New Caledonia,NCL,Value lost due to electrical outages (% of sales for affected firms),IC.FRM.OUTG.ZS,,,,,,,,,,,,,
Niger,NER,Value lost due to electrical outages (% of sales for affected firms),IC.FRM.OUTG.ZS,,,,1.9,,,,,,,,5.5,
Nigeria,NGA,Value lost due to electrical outages (% of sales for affected firms),IC.FRM.OUTG.ZS,,8.9,,,,,,,15.6,,,,
Nicaragua,NIC,Value lost due to electrical outages (% of sales for affected firms),IC.FRM.OUTG.ZS,8.7,,,,18.2,,,,,,2.7,,
Netherlands,NLD,Value lost due to electrical outages (% of sales for affected firms),IC.FRM.OUTG.ZS,,,,,,,,,,,,,
Norway,NOR,Value lost due to electrical outages (% of sales for affected firms),IC.FRM.OUTG.ZS,,,,,,,,,,,,,
Nepal,NPL,Value lost due to electrical outages (% of sales for affected firms),IC.FRM.OUTG.ZS,,,,26.9,,,,17,,,,,
Nauru,NRU,Value lost due to electrical outages (% of sales for affected firms),IC.FRM.OUTG.ZS,,,,,,,,,,,,,
New Zealand,NZL,Value lost due to electrical outages (% of sales for affected firms),IC.FRM.OUTG.ZS,,,,,,,,,,,,,
OECD members,OED,Value lost due to electrical outages (% of sales for affected firms),IC.FRM.OUTG.ZS,,,,,,,,,,,,1.3,
Oman,OMN,Value lost due to electrical outages (% of sales for affected firms),IC.FRM.OUTG.ZS,,,,,,,,,,,,,
Other small states,OSS,Value lost due to electrical outages (% of sales for affected firms),IC.FRM.OUTG.ZS,,,,,,,,,,,,5.13,
Pakistan,PAK,Value lost due to electrical outages (% of sales for affected firms),IC.FRM.OUTG.ZS,,9.2,,,,,,33.8,,,,,
Panama,PAN,Value lost due to electrical outages (% of sales for affected firms),IC.FRM.OUTG.ZS,2.3,,,,2.1,,,,,,,,
Peru,PER,Value lost due to electrical outages (% of sales for affected firms),IC.FRM.OUTG.ZS,3.2,,,,3.2,,,,,,,2.1,
Philippines,PHL,Value lost due to electrical outages (% of sales for affected firms),IC.FRM.OUTG.ZS,,,,3.9,,,,,,0.8,,,
Palau,PLW,Value lost due to electrical outages (% of sales for affected firms),IC.FRM.OUTG.ZS,,,,,,,,,,,,,
Papua New Guinea,PNG,Value lost due to electrical outages (% of sales for affected firms),IC.FRM.OUTG.ZS,,,,,,,,,,4.7,,,
Poland,POL,Value lost due to electrical outages (% of sales for affected firms),IC.FRM.OUTG.ZS,,,,1.9,,,,2.8,,,,,
Pre-demographic dividend,PRE,Value lost due to electrical outages (% of sales for affected firms),IC.FRM.OUTG.ZS,,,,,,,,,,,,9.196551724,
Puerto Rico,PRI,Value lost due to electrical outages (% of sales for affected firms),IC.FRM.OUTG.ZS,,,,,,,,,,,,,
"Korea, Dem. People’s Rep.",PRK,Value lost due to electrical outages (% of sales for affected firms),IC.FRM.OUTG.ZS,,,,,,,,,,,,,
Portugal,PRT,Value lost due to electrical outages (% of sales for affected firms),IC.FRM.OUTG.ZS,,,,,,,,,,,,,
Paraguay,PRY,Value lost due to electrical outages (% of sales for affected firms),IC.FRM.OUTG.ZS,2.5,,,,1.4,,,,,,,2.5,
West Bank and Gaza,PSE,Value lost due to electrical outages (% of sales for affected firms),IC.FRM.OUTG.ZS,,,,,,,,9.5,,,,,
Pacific island small states,PSS,Value lost due to electrical outages (% of sales for affected firms),IC.FRM.OUTG.ZS,,,,,,,,,,,,4.3,
Post-demographic dividend,PST,Value lost due to electrical outages (% of sales for affected firms),IC.FRM.OUTG.ZS,,,,,,,,,,,,0.781818182,
French Polynesia,PYF,Value lost due to electrical outages (% of sales for affected firms),IC.FRM.OUTG.ZS,,,,,,,,,,,,,
Qatar,QAT,Value lost due to electrical outages (% of sales for affected firms),IC.FRM.OUTG.ZS,,,,,,,,,,,,,
Romania,ROU,Value lost due to electrical outages (% of sales for affected firms),IC.FRM.OUTG.ZS,,,,2.2,,,,1.3,,,,,
Russian Federation,RUS,Value lost due to electrical outages (% of sales for affected firms),IC.FRM.OUTG.ZS,,,,1.2,,,2,,,,,,
Rwanda,RWA,Value lost due to electrical outages (% of sales for affected firms),IC.FRM.OUTG.ZS,8.7,,,,,2.6,,,,,,,
South Asia,SAS,Value lost due to electrical outages (% of sales for affected firms),IC.FRM.OUTG.ZS,,,,,,,,,,,,10.9,
Saudi Arabia,SAU,Value lost due to electrical outages (% of sales for affected firms),IC.FRM.OUTG.ZS,,,,,,,,,,,,,
Sudan,SDN,Value lost due to electrical outages (% of sales for affected firms),IC.FRM.OUTG.ZS,,,,,,,,,1.2,,,,
Senegal,SEN,Value lost due to electrical outages (% of sales for affected firms),IC.FRM.OUTG.ZS,,5,,,,,,,2.8,,,,
Singapore,SGP,Value lost due to electrical outages (% of sales for affected firms),IC.FRM.OUTG.ZS,,,,,,,,,,,,,
Solomon Islands,SLB,Value lost due to electrical outages (% of sales for affected firms),IC.FRM.OUTG.ZS,,,,,,,,,,4.3,,,
Sierra Leone,SLE,Value lost due to electrical outages (% of sales for affected firms),IC.FRM.OUTG.ZS,,,,6.6,,,,,,,,15.8,
El Salvador,SLV,Value lost due to electrical outages (% of sales for affected firms),IC.FRM.OUTG.ZS,2.9,,,,7,,,,,,1.1,,
San Marino,SMR,Value lost due to electrical outages (% of sales for affected firms),IC.FRM.OUTG.ZS,,,,,,,,,,,,,
Somalia,SOM,Value lost due to electrical outages (% of sales for affected firms),IC.FRM.OUTG.ZS,,,,,,,,,,,,,
Serbia,SRB,Value lost due to electrical outages (% of sales for affected firms),IC.FRM.OUTG.ZS,,,,1.3,,,,0.9,,,,,
Sub-Saharan Africa (excluding high income),SSA,Value lost due to electrical outages (% of sales for affected firms),IC.FRM.OUTG.ZS,,,,,,,,,,,,8.479411765,
South Sudan,SSD,Value lost due to electrical outages (% of sales for affected firms),IC.FRM.OUTG.ZS,,,,,,,,,13.6,,,,
Sub-Saharan Africa,SSF,Value lost due to electrical outages (% of sales for affected firms),IC.FRM.OUTG.ZS,,,,,,,,,,,,8.479411765,
Small states,SST,Value lost due to electrical outages (% of sales for affected firms),IC.FRM.OUTG.ZS,,,,,,,,,,,,2.733333333,
Sao Tome and Principe,STP,Value lost due to electrical outages (% of sales for affected firms),IC.FRM.OUTG.ZS,,,,,,,,,,,,,
Suriname,SUR,Value lost due to electrical outages (% of sales for affected firms),IC.FRM.OUTG.ZS,,,,,0.6,,,,,,,,
Slovak Republic,SVK,Value lost due to electrical outages (% of sales for affected firms),IC.FRM.OUTG.ZS,,,,0.3,,,,0.2,,,,,
Slovenia,SVN,Value lost due to electrical outages (% of sales for affected firms),IC.FRM.OUTG.ZS,,,,0.5,,,,0.6,,,,,
Sweden,SWE,Value lost due to electrical outages (% of sales for affected firms),IC.FRM.OUTG.ZS,,,,,,,,,,,,,
Eswatini,SWZ,Value lost due to electrical outages (% of sales for affected firms),IC.FRM.OUTG.ZS,2.5,,,,,,,,,,7,,
Sint Maarten (Dutch part),SXM,Value lost due to electrical outages (% of sales for affected firms),IC.FRM.OUTG.ZS,,,,,,,,,,,,,
Seychelles,SYC,Value lost due to electrical outages (% of sales for affected firms),IC.FRM.OUTG.ZS,,,,,,,,,,,,,
Syrian Arab Republic,SYR,Value lost due to electrical outages (% of sales for affected firms),IC.FRM.OUTG.ZS,,,,,,,,,,,,,
Turks and Caicos Islands,TCA,Value lost due to electrical outages (% of sales for affected firms),IC.FRM.OUTG.ZS,,,,,,,,,,,,,
Chad,TCD,Value lost due to electrical outages (% of sales for affected firms),IC.FRM.OUTG.ZS,,,,3.3,,,,,,,,,9.8
East Asia & Pacific (IDA & IBRD countries),TEA,Value lost due to electrical outages (% of sales for affected firms),IC.FRM.OUTG.ZS,,,,,,,,,,,,3.176923077,
Europe & Central Asia (IDA & IBRD countries),TEC,Value lost due to electrical outages (% of sales for affected firms),IC.FRM.OUTG.ZS,,,,,,,,,,,,2.768181818,
Togo,TGO,Value lost due to electrical outages (% of sales for affected firms),IC.FRM.OUTG.ZS,,,,10.5,,,,,,,3.7,,
Thailand,THA,Value lost due to electrical outages (% of sales for affected firms),IC.FRM.OUTG.ZS,,,,,,,,,,,4.1,,
Tajikistan,TJK,Value lost due to electrical outages (% of sales for affected firms),IC.FRM.OUTG.ZS,,,15,,,,,9.2,,,,,
Turkmenistan,TKM,Value lost due to electrical outages (% of sales for affected firms),IC.FRM.OUTG.ZS,,,,,,,,,,,,,
Latin America & the Caribbean (IDA & IBRD countries),TLA,Value lost due to electrical outages (% of sales for affected firms),IC.FRM.OUTG.ZS,,,,,,,,,,,,1.667857143,
Timor-Leste,TLS,Value lost due to electrical outages (% of sales for affected firms),IC.FRM.OUTG.ZS,,,,7.5,,,,,,9.4,,,
Middle East & North Africa (IDA & IBRD countries),TMN,Value lost due to electrical outages (% of sales for affected firms),IC.FRM.OUTG.ZS,,,,,,,,,,,,6.1875,
Tonga,TON,Value lost due to electrical outages (% of sales for affected firms),IC.FRM.OUTG.ZS,,,,1.5,,,,,,,,,
South Asia (IDA & IBRD),TSA,Value lost due to electrical outages (% of sales for affected firms),IC.FRM.OUTG.ZS,,,,,,,,,,,,10.9,
Sub-Saharan Africa (IDA & IBRD countries),TSS,Value lost due to electrical outages (% of sales for affected firms),IC.FRM.OUTG.ZS,,,,,,,,,,,,8.479411765,
Trinidad and Tobago,TTO,Value lost due to electrical outages (% of sales for affected firms),IC.FRM.OUTG.ZS,,,,,0.4,,,,,,,,
Tunisia,TUN,Value lost due to electrical outages (% of sales for affected firms),IC.FRM.OUTG.ZS,,,,,,,,2,,,,,
Turkey,TUR,Value lost due to electrical outages (% of sales for affected firms),IC.FRM.OUTG.ZS,,,2.8,,,,,3.8,,,,,
Tuvalu,TUV,Value lost due to electrical outages (% of sales for affected firms),IC.FRM.OUTG.ZS,,,,,,,,,,,,,
Tanzania,TZA,Value lost due to electrical outages (% of sales for affected firms),IC.FRM.OUTG.ZS,9.6,,,,,,,15.1,,,,,
Uganda,UGA,Value lost due to electrical outages (% of sales for affected firms),IC.FRM.OUTG.ZS,10.2,,,,,,,11.2,,,,,
Ukraine,UKR,Value lost due to electrical outages (% of sales for affected firms),IC.FRM.OUTG.ZS,,,4.4,,,,,2,,,,,
Upper middle income,UMC,Value lost due to electrical outages (% of sales for affected firms),IC.FRM.OUTG.ZS,,,,,,,,,,,,2.310526316,
Uruguay,URY,Value lost due to electrical outages (% of sales for affected firms),IC.FRM.OUTG.ZS,0.9,,,,0.3,,,,,,,0.3,
United States,USA,Value lost due to electrical outages (% of sales for affected firms),IC.FRM.OUTG.ZS,,,,,,,,,,,,,
Uzbekistan,UZB,Value lost due to electrical outages (% of sales for affected firms),IC.FRM.OUTG.ZS,,,5.4,,,,,6.6,,,,,
St. Vincent and the Grenadines,VCT,Value lost due to electrical outages (% of sales for affected firms),IC.FRM.OUTG.ZS,,,,,0.8,,,,,,,,
"Venezuela, RB",VEN,Value lost due to electrical outages (% of sales for affected firms),IC.FRM.OUTG.ZS,4.4,,,,8.3,,,,,,,,
British Virgin Islands,VGB,Value lost due to electrical outages (% of sales for affected firms),IC.FRM.OUTG.ZS,,,,,,,,,,,,,
Virgin Islands (U.S.),VIR,Value lost due to electrical outages (% of sales for affected firms),IC.FRM.OUTG.ZS,,,,,,,,,,,,,
Vietnam,VNM,Value lost due to electrical outages (% of sales for affected firms),IC.FRM.OUTG.ZS,,,,3.6,,,,,,2.2,,,
Vanuatu,VUT,Value lost due to electrical outages (% of sales for affected firms),IC.FRM.OUTG.ZS,,,,1.1,,,,,,,,,
World,WLD,Value lost due to electrical outages (% of sales for affected firms),IC.FRM.OUTG.ZS,,,,,,,,,,,,4.703252033,
Samoa,WSM,Value lost due to electrical outages (% of sales for affected firms),IC.FRM.OUTG.ZS,,,,6.6,,,,,,,,,
Kosovo,XKX,Value lost due to electrical outages (% of sales for affected firms),IC.FRM.OUTG.ZS,,,,17.1,,,,10.1,,,,,
"Yemen, Rep.",YEM,Value lost due to electrical outages (% of sales for affected firms),IC.FRM.OUTG.ZS,,,,,13.2,,,19.7,,,,,
South Africa,ZAF,Value lost due to electrical outages (% of sales for affected firms),IC.FRM.OUTG.ZS,,1.6,,,,,,,,,,,
Zambia,ZMB,Value lost due to electrical outages (% of sales for affected firms),IC.FRM.OUTG.ZS,,3.7,,,,,,7.5,,,,,
Zimbabwe,ZWE,Value lost due to electrical outages (% of sales for affected firms),IC.FRM.OUTG.ZS,,,,,,8.8,,,,,6.1,,
